support,itemsets
0.012951969778737183,frozenset({'10 COLOUR SPACEBOY PEN'})
0.010793308148947653,frozenset({'12 MESSAGE CARDS WITH ENVELOPES'})
0.018888289260658393,frozenset({'12 PENCIL SMALL TUBE WOODLAND'})
0.01457096600107933,frozenset({'12 PENCILS SMALL TUBE RED RETROSPOT'})
0.015110631408526714,frozenset({'12 PENCILS SMALL TUBE SKULL'})
0.011872638963842417,frozenset({'12 PENCILS TALL TUBE POSY'})
0.013491635186184566,frozenset({'12 PENCILS TALL TUBE RED RETROSPOT'})
0.011872638963842417,frozenset({'12 PENCILS TALL TUBE SKULLS'})
0.011872638963842417,frozenset({'12 PENCILS TALL TUBE WOODLAND'})
0.011332973556395036,frozenset({'15CM CHRISTMAS GLASS BALL 20 LIGHTS'})
0.010793308148947653,frozenset({'20 DOLLY PEGS RETROSPOT'})
0.013491635186184566,frozenset({'3 HEARTS HANGING DECORATION RUSTIC'})
0.014031300593631947,frozenset({'3 HOOK PHOTO SHELF ANTIQUE WHITE'})
0.01457096600107933,frozenset({'3 PIECE SPACEBOY COOKIE CUTTER SET'})
0.028062601187263895,frozenset({'3 STRIPEY MICE FELTCRAFT'})
0.01025364274150027,frozenset({'3 TIER CAKE TIN GREEN AND CREAM'})
0.01025364274150027,frozenset({'36 DOILIES VINTAGE CHRISTMAS'})
0.014031300593631947,frozenset({'36 PENCILS TUBE RED RETROSPOT'})
0.015110631408526714,frozenset({'4 TRADITIONAL SPINNING TOPS'})
0.011872638963842417,"frozenset({""6 GIFT TAGS 50'S CHRISTMAS ""})"
0.0124123043712898,frozenset({'6 GIFT TAGS VINTAGE CHRISTMAS '})
0.04155423637344846,frozenset({'6 RIBBONS RUSTIC CHARM'})
0.02050728548300054,frozenset({'60 CAKE CASES DOLLY GIRL DESIGN'})
0.025903939557474366,frozenset({'60 CAKE CASES VINTAGE CHRISTMAS'})
0.03076092822450081,frozenset({'60 TEATIME FAIRY CAKE CASES'})
0.028602266594711278,frozenset({'72 SWEETHEART FAIRY CAKE CASES'})
0.010793308148947653,frozenset({'ABC TREASURE BOOK BOX '})
0.011872638963842417,frozenset({'AGED GLASS SILVER T-LIGHT HOLDER'})
0.010793308148947653,frozenset({'AIRLINE BAG VINTAGE TOKYO 78'})
0.022126281705342688,frozenset({'ALARM CLOCK BAKELIKE CHOCOLATE'})
0.04641122504047491,frozenset({'ALARM CLOCK BAKELIKE GREEN'})
0.03076092822450081,frozenset({'ALARM CLOCK BAKELIKE IVORY'})
0.027522935779816515,frozenset({'ALARM CLOCK BAKELIKE ORANGE'})
0.03615758229897464,frozenset({'ALARM CLOCK BAKELIKE PINK'})
0.05342687533729088,frozenset({'ALARM CLOCK BAKELIKE RED '})
0.01025364274150027,frozenset({'ALPHABET STENCIL CRAFT'})
0.01457096600107933,frozenset({'ANTIQUE GLASS DRESSING TABLE POT'})
0.011332973556395036,frozenset({'ANTIQUE GLASS PEDESTAL BOWL'})
0.03291958985429034,frozenset({'ANTIQUE SILVER T-LIGHT GLASS'})
0.015110631408526714,frozenset({'ANTIQUE SILVER TEA GLASS ENGRAVED'})
0.022126281705342688,frozenset({'AREA PATROLLED METAL SIGN'})
0.07825148407987048,frozenset({'ASSORTED COLOUR BIRD ORNAMENT'})
0.021586616297895305,frozenset({'ASSORTED COLOUR MINI CASES'})
0.015650296815974095,frozenset({'ASSORTED COLOURS SILK FAN'})
0.010793308148947653,frozenset({'BAG 500g SWIRLY MARBLES'})
0.04749055585536967,frozenset({'BAKING SET 9 PIECE RETROSPOT '})
0.025364274150026983,frozenset({'BAKING SET SPACEBOY DESIGN'})
0.012951969778737183,frozenset({'BATH BUILDING BLOCK WORD'})
0.02266594711279007,frozenset({'BATHROOM METAL SIGN'})
0.022126281705342688,frozenset({'BEWARE OF THE CAT METAL SIGN '})
0.013491635186184566,frozenset({'BINGO SET'})
0.015650296815974095,"frozenset({""BISCUIT TIN 50'S CHRISTMAS""})"
0.012951969778737183,frozenset({'BISCUIT TIN VINTAGE CHRISTMAS'})
0.019967620075553156,frozenset({'BLACK RECORD COVER FRAME'})
0.011332973556395036,frozenset({'BLACK/BLUE POLKADOT UMBRELLA'})
0.021046950890447922,frozenset({'BLUE DINER WALL CLOCK'})
0.018888289260658393,frozenset({'BLUE HAPPY BIRTHDAY BUNTING'})
0.03184025903939557,frozenset({'BLUE HARMONICA IN BOX '})
0.013491635186184566,frozenset({'BLUE POLKADOT BOWL'})
0.0124123043712898,frozenset({'BLUE POLKADOT CUP'})
0.01672962763086886,frozenset({'BLUE SPOT CERAMIC DRAWER KNOB'})
0.019967620075553156,frozenset({'BLUE STRIPE CERAMIC DRAWER KNOB'})
0.017808958445763627,frozenset({'BOX OF 24 COCKTAIL PARASOLS'})
0.017808958445763627,"frozenset({""BOX OF 6 MINI 50'S CRACKERS""})"
0.021046950890447922,frozenset({'BOX OF 6 MINI VINTAGE CRACKERS'})
0.011332973556395036,frozenset({'BOX OF VINTAGE JIGSAW BLOCKS '})
0.011332973556395036,frozenset({'BOYS VINTAGE TIN SEASIDE BUCKET'})
0.018888289260658393,frozenset({'BREAD BIN DINER STYLE IVORY'})
0.014031300593631947,frozenset({'BREAD BIN DINER STYLE RED '})
0.010793308148947653,frozenset({'BROCADE RING PURSE '})
0.017269293038316244,frozenset({'BUNDLE OF 3 ALPHABET EXERCISE BOOKS'})
0.0124123043712898,frozenset({'BUNDLE OF 3 RETRO NOTE BOOKS'})
0.01025364274150027,frozenset({'BUNDLE OF 3 SCHOOL EXERCISE BOOKS  '})
0.01025364274150027,frozenset({'CALENDAR PAPER CUT DESIGN'})
0.017269293038316244,frozenset({'CANDLEHOLDER PINK HANGING HEART'})
0.022126281705342688,frozenset({'CARD BILLBOARD FONT'})
0.011872638963842417,frozenset({'CARD CHRISTMAS VILLAGE'})
0.01025364274150027,frozenset({'CARD DOLLY GIRL '})
0.01025364274150027,frozenset({'CARD MOTORBIKE SANTA'})
0.011332973556395036,frozenset({'CERAMIC CAKE DESIGN SPOTTED MUG'})
0.014031300593631947,frozenset({'CERAMIC HEART FAIRY CAKE MONEY BANK'})
0.015110631408526714,frozenset({'CERAMIC STRAWBERRY CAKE MONEY BANK'})
0.010793308148947653,frozenset({'CERAMIC STRAWBERRY DESIGN MUG'})
0.024284943335132217,frozenset({'CHARLOTTE BAG APPLES DESIGN'})
0.018888289260658393,frozenset({'CHARLOTTE BAG DOLLY GIRL DESIGN'})
0.0248246087425796,frozenset({'CHARLOTTE BAG PINK POLKADOT'})
0.03076092822450081,frozenset({'CHARLOTTE BAG SUKI DESIGN'})
0.015110631408526714,frozenset({'CHARLOTTE BAG VINTAGE ALPHABET '})
0.018888289260658393,frozenset({'CHICK GREY HOT WATER BOTTLE'})
0.013491635186184566,"frozenset({""CHILDREN'S APRON DOLLY GIRL ""})"
0.013491635186184566,frozenset({'CHILDRENS APRON APPLES DESIGN'})
0.019967620075553156,frozenset({'CHILDRENS APRON SPACEBOY DESIGN'})
0.011872638963842417,frozenset({'CHILDRENS CUTLERY DOLLY GIRL '})
0.011332973556395036,frozenset({'CHILDRENS CUTLERY POLKADOT BLUE'})
0.01834862385321101,frozenset({'CHILDRENS CUTLERY POLKADOT PINK'})
0.010793308148947653,frozenset({'CHILDRENS CUTLERY RETROSPOT RED '})
0.012951969778737183,frozenset({'CHILDRENS CUTLERY SPACEBOY '})
0.010793308148947653,frozenset({'CHILDS BREAKFAST SET CIRCUS PARADE'})
0.010793308148947653,frozenset({'CHILDS BREAKFAST SET DOLLY GIRL '})
0.011872638963842417,frozenset({'CHILDS BREAKFAST SET SPACEBOY '})
0.023205612520237454,frozenset({'CHILLI LIGHTS'})
0.017269293038316244,frozenset({'CHOCOLATE BOX RIBBONS '})
0.042093901780895844,frozenset({'CHOCOLATE HOT WATER BOTTLE'})
0.022126281705342688,frozenset({'CHOCOLATE THIS WAY METAL SIGN'})
0.021046950890447922,frozenset({'CHRISTMAS CRAFT LITTLE FRIENDS'})
0.013491635186184566,frozenset({'CHRISTMAS CRAFT TREE TOP ANGEL'})
0.015110631408526714,frozenset({'CHRISTMAS CRAFT WHITE FAIRY '})
0.0124123043712898,frozenset({'CHRISTMAS RETROSPOT ANGEL WOOD'})
0.0124123043712898,frozenset({'CHRISTMAS STAR WISH LIST CHALKBOARD'})
0.011872638963842417,frozenset({'CIRCUS PARADE LUNCH BOX '})
0.011332973556395036,frozenset({'CLASSIC CAFE SUGAR DISPENSER'})
0.01457096600107933,frozenset({'CLASSIC GLASS COOKIE JAR'})
0.0124123043712898,frozenset({'CLASSIC METAL BIRDCAGE PLANT HOLDER'})
0.022126281705342688,frozenset({'CLEAR DRAWER KNOB ACRYLIC EDWARDIAN'})
0.032379924446842956,frozenset({'CLOTHES PEGS RETROSPOT PACK 24 '})
0.017808958445763627,frozenset({'COFFEE MUG APPLES DESIGN'})
0.011872638963842417,frozenset({'COFFEE MUG CAT + BIRD DESIGN'})
0.014031300593631947,frozenset({'COFFEE MUG PEARS  DESIGN'})
0.024284943335132217,frozenset({'COLOUR GLASS T-LIGHT HOLDER HANGING'})
0.03831624392876417,frozenset({'COOK WITH WINE METAL SIGN '})
0.01457096600107933,frozenset({'CREAM CUPID HEARTS COAT HANGER'})
0.021586616297895305,frozenset({'CREAM HEART CARD HOLDER'})
0.02644360496492175,frozenset({'CREAM SWEETHEART MINI CHEST'})
0.011872638963842417,frozenset({'DECORATIVE WICKER HEART MEDIUM'})
0.012951969778737183,frozenset({'DELUXE SEWING KIT '})
0.01025364274150027,frozenset({'DINOSAUR LUNCH BOX WITH CUTLERY'})
0.03076092822450081,frozenset({'DOLLY GIRL LUNCH BOX'})
0.01025364274150027,frozenset({'DOLLY GIRL MINI BACKPACK'})
0.01025364274150027,frozenset({'DOORMAT BLACK FLOCK '})
0.022126281705342688,frozenset({'DOORMAT ENGLISH ROSE '})
0.015110631408526714,frozenset({'DOORMAT FAIRY CAKE'})
0.025364274150026983,frozenset({'DOORMAT FANCY FONT HOME SWEET HOME'})
0.032379924446842956,frozenset({'DOORMAT HEARTS'})
0.015110631408526714,frozenset({'DOORMAT HOME SWEET HOME BLUE '})
0.032379924446842956,frozenset({'DOORMAT KEEP CALM AND COME IN'})
0.029681597409606044,frozenset({'DOORMAT NEW ENGLAND'})
0.032379924446842956,frozenset({'DOORMAT RED RETROSPOT'})
0.023205612520237454,frozenset({'DOORMAT SPOTTY HOME SWEET HOME'})
0.011872638963842417,frozenset({'DOORMAT TOPIARY'})
0.03130059363194819,frozenset({'DOORMAT UNION FLAG'})
0.017269293038316244,frozenset({'DOORMAT WELCOME PUPPIES'})
0.01457096600107933,frozenset({'DOORMAT WELCOME TO OUR HOME'})
0.011332973556395036,frozenset({'DOORSTOP RETROSPOT HEART'})
0.014031300593631947,frozenset({'DOUGHNUT LIP GLOSS '})
0.01025364274150027,frozenset({'DRAWER KNOB CRACKLE GLAZE IVORY'})
0.011872638963842417,frozenset({'EDWARDIAN PARASOL BLACK'})
0.018888289260658393,frozenset({'EDWARDIAN PARASOL NATURAL'})
0.015650296815974095,frozenset({'EDWARDIAN PARASOL RED'})
0.011332973556395036,frozenset({'EMERGENCY FIRST AID TIN '})
0.019427954668105773,frozenset({'ENAMEL BREAD BIN CREAM'})
0.010793308148947653,frozenset({'ENAMEL COLANDER CREAM'})
0.025364274150026983,frozenset({'ENAMEL FLOWER JUG CREAM'})
0.018888289260658393,frozenset({'ENAMEL MEASURING JUG CREAM'})
0.011872638963842417,frozenset({'ENAMEL WATERING CAN CREAM'})
0.011872638963842417,frozenset({'ENCHANTED BIRD COATHANGER 5 HOOK'})
0.010793308148947653,frozenset({'ENGLISH ROSE GARDEN SECATEURS'})
0.01457096600107933,frozenset({'ENGLISH ROSE HOT WATER BOTTLE'})
0.011332973556395036,frozenset({'ENGLISH ROSE NOTEBOOK A7 SIZE'})
0.011872638963842417,frozenset({'FAIRY CAKE FLANNEL ASSORTED COLOUR'})
0.015650296815974095,frozenset({'FAMILY ALBUM WHITE PICTURE FRAME'})
0.0124123043712898,frozenset({'FAMILY PHOTO FRAME CORNICE'})
0.01672962763086886,"frozenset({'FANCY FONT BIRTHDAY CARD, '})"
0.014031300593631947,frozenset({'FANCY FONTS BIRTHDAY WRAP'})
0.02266594711279007,frozenset({'FAWN BLUE HOT WATER BOTTLE'})
0.027522935779816515,frozenset({'FELTCRAFT 6 FLOWER FRIENDS'})
0.026983270372369132,frozenset({'FELTCRAFT BUTTERFLY HEARTS'})
0.018888289260658393,frozenset({'FELTCRAFT CHRISTMAS FAIRY'})
0.013491635186184566,frozenset({'FELTCRAFT CUSHION BUTTERFLY'})
0.0248246087425796,frozenset({'FELTCRAFT CUSHION OWL'})
0.01834862385321101,frozenset({'FELTCRAFT CUSHION RABBIT'})
0.011872638963842417,frozenset({'FELTCRAFT DOLL EMILY'})
0.013491635186184566,frozenset({'FELTCRAFT DOLL MOLLY'})
0.013491635186184566,frozenset({'FELTCRAFT DOLL ROSIE'})
0.013491635186184566,frozenset({'FELTCRAFT GIRL AMELIE KIT'})
0.023745277927684834,frozenset({'FELTCRAFT PRINCESS CHARLOTTE DOLL'})
0.01672962763086886,frozenset({'FELTCRAFT PRINCESS LOLA DOLL'})
0.01457096600107933,frozenset({'FELTCRAFT PRINCESS OLIVIA DOLL'})
0.010793308148947653,frozenset({'FIRST AID TIN'})
0.010793308148947653,frozenset({'FOOD CONTAINER SET 3 LOVE HEART '})
0.015650296815974095,frozenset({'FOUR HOOK  WHITE LOVEBIRDS'})
0.012951969778737183,frozenset({'FRENCH ENAMEL CANDLEHOLDER'})
0.01025364274150027,frozenset({'FRENCH TOILET SIGN BLUE METAL'})
0.01025364274150027,frozenset({'FRENCH WC SIGN BLUE METAL'})
0.010793308148947653,frozenset({'GAOLERS KEYS DECORATIVE GARDEN '})
0.03291958985429034,frozenset({'GARDENERS KNEELING PAD CUP OF TEA '})
0.03507825148407987,frozenset({'GARDENERS KNEELING PAD KEEP CALM '})
0.019427954668105773,"frozenset({""GIANT 50'S CHRISTMAS CRACKER""})"
0.03939557474365893,frozenset({'GIN + TONIC DIET METAL SIGN'})
0.011332973556395036,frozenset({'GIN AND TONIC MUG'})
0.02914193200215866,frozenset({'GINGERBREAD MAN COOKIE CUTTER'})
0.011872638963842417,frozenset({'GINGHAM HEART DECORATION'})
0.014031300593631947,frozenset({'GIRAFFE WOODEN RULER'})
0.010793308148947653,frozenset({'GIRLS VINTAGE TIN SEASIDE BUCKET'})
0.010793308148947653,frozenset({'GLASS  BEURRE DISH'})
0.01025364274150027,frozenset({'GLASS APOTHECARY BOTTLE PERFUME'})
0.0124123043712898,frozenset({'GLASS APOTHECARY BOTTLE TONIC'})
0.010793308148947653,frozenset({'GLITTER BUTTERFLY CLIPS'})
0.01025364274150027,frozenset({'GLITTER HANGING BUTTERFLY STRING'})
0.012951969778737183,frozenset({'GRAND CHOCOLATECANDLE'})
0.040474905558553695,frozenset({'GREEN REGENCY TEACUP AND SAUCER'})
0.026983270372369132,frozenset({'GREY HEART HOT WATER BOTTLE'})
0.01457096600107933,frozenset({'GROW A FLYTRAP OR SUNFLOWER IN TIN'})
0.025903939557474366,frozenset({'GUMBALL COAT RACK'})
0.03184025903939557,frozenset({'HAND OVER THE CHOCOLATE   SIGN '})
0.01672962763086886,frozenset({'HAND WARMER BABUSHKA DESIGN'})
0.021586616297895305,frozenset({'HAND WARMER BIRD DESIGN'})
0.03130059363194819,frozenset({'HAND WARMER OWL DESIGN'})
0.01834862385321101,frozenset({'HAND WARMER RED LOVE HEART'})
0.01457096600107933,frozenset({'HAND WARMER RED RETROSPOT'})
0.024284943335132217,frozenset({'HAND WARMER SCOTTY DOG DESIGN'})
0.024284943335132217,frozenset({'HAND WARMER UNION JACK'})
0.028062601187263895,frozenset({'HANGING HEART JAR T-LIGHT HOLDER'})
0.01025364274150027,frozenset({'HANGING HEART MIRROR DECORATION '})
0.01834862385321101,frozenset({'HANGING HEART ZINC T-LIGHT HOLDER'})
0.015110631408526714,frozenset({'HANGING JAM JAR T-LIGHT HOLDER'})
0.013491635186184566,frozenset({'HANGING METAL HEART LANTERN'})
0.0124123043712898,frozenset({'HAPPY STENCIL CRAFT'})
0.0124123043712898,frozenset({'HEADS AND TAILS SPORTING FUN'})
0.017808958445763627,frozenset({'HEART FILIGREE DOVE  SMALL'})
0.013491635186184566,frozenset({'HEART FILIGREE DOVE LARGE'})
0.011332973556395036,frozenset({'HEART IVORY TRELLIS LARGE'})
0.01025364274150027,frozenset({'HEART IVORY TRELLIS SMALL'})
0.0372369131138694,frozenset({'HEART OF WICKER LARGE'})
0.04803022126281705,frozenset({'HEART OF WICKER SMALL'})
0.0124123043712898,frozenset({'HERB MARKER BASIL'})
0.011332973556395036,frozenset({'HERB MARKER MINT'})
0.011332973556395036,frozenset({'HERB MARKER PARSLEY'})
0.011332973556395036,frozenset({'HERB MARKER ROSEMARY'})
0.010793308148947653,frozenset({'HERB MARKER THYME'})
0.04101457096600108,frozenset({'HOME BUILDING BLOCK WORD'})
0.011872638963842417,frozenset({'HOME SWEET HOME CUSHION COVER '})
0.01025364274150027,frozenset({'HOME SWEET HOME HANGING HEART'})
0.021586616297895305,frozenset({'HOME SWEET HOME METAL SIGN '})
0.011332973556395036,frozenset({'HOME SWEET HOME MUG'})
0.0248246087425796,frozenset({'HOMEMADE JAM SCENTED CANDLES'})
0.027522935779816515,frozenset({'HOT BATHS METAL SIGN'})
0.028062601187263895,frozenset({'HOT WATER BOTTLE I AM SO POORLY'})
0.04155423637344846,frozenset({'HOT WATER BOTTLE KEEP CALM'})
0.024284943335132217,frozenset({'HOT WATER BOTTLE TEA AND SYMPATHY'})
0.015650296815974095,"frozenset({""I'M ON HOLIDAY METAL SIGN""})"
0.014031300593631947,frozenset({'ICE CREAM PEN LIP GLOSS '})
0.015650296815974095,frozenset({'ICE CREAM SUNDAE LIP GLOSS'})
0.026983270372369132,frozenset({'IVORY DINER WALL CLOCK'})
0.010793308148947653,frozenset({'IVORY HANGING DECORATION  HEART'})
0.030221262817053427,frozenset({'IVORY KITCHEN SCALES'})
0.01457096600107933,frozenset({'IVORY WICKER HEART LARGE'})
0.011332973556395036,frozenset({'IVORY WICKER HEART MEDIUM'})
0.01025364274150027,frozenset({'JAM JAR WITH GREEN LID'})
0.014031300593631947,frozenset({'JAM JAR WITH PINK LID'})
0.04317323259579061,frozenset({'JAM MAKING SET PRINTED'})
0.04803022126281705,frozenset({'JAM MAKING SET WITH JARS'})
0.015110631408526714,frozenset({'JAZZ HEARTS PURSE NOTEBOOK'})
0.019427954668105773,frozenset({'JINGLE BELL HEART DECORATION'})
0.03291958985429034,frozenset({'JUMBO  BAG BAROQUE BLACK WHITE'})
0.03076092822450081,"frozenset({""JUMBO BAG 50'S CHRISTMAS ""})"
0.04101457096600108,frozenset({'JUMBO BAG ALPHABET'})
0.03184025903939557,frozenset({'JUMBO BAG APPLES'})
0.025364274150026983,frozenset({'JUMBO BAG DOILEY PATTERNS'})
0.01457096600107933,frozenset({'JUMBO BAG DOLLY GIRL DESIGN'})
0.021046950890447922,frozenset({'JUMBO BAG OWLS'})
0.011872638963842417,frozenset({'JUMBO BAG PAISLEY PARK'})
0.021046950890447922,frozenset({'JUMBO BAG PEARS'})
0.04479222881813276,frozenset({'JUMBO BAG PINK POLKADOT'})
0.03184025903939557,frozenset({'JUMBO BAG PINK VINTAGE PAISLEY'})
0.08202914193200216,frozenset({'JUMBO BAG RED RETROSPOT'})
0.02914193200215866,frozenset({'JUMBO BAG SCANDINAVIAN BLUE PAISLEY'})
0.018888289260658393,frozenset({'JUMBO BAG SPACEBOY DESIGN'})
0.045871559633027525,frozenset({'JUMBO BAG STRAWBERRY'})
0.017269293038316244,frozenset({'JUMBO BAG TOYS '})
0.01834862385321101,frozenset({'JUMBO BAG VINTAGE CHRISTMAS '})
0.029681597409606044,frozenset({'JUMBO BAG VINTAGE DOILY '})
0.03507825148407987,frozenset({'JUMBO BAG VINTAGE LEAF'})
0.0248246087425796,frozenset({'JUMBO BAG WOODLAND ANIMALS'})
0.03615758229897464,frozenset({'JUMBO SHOPPER VINTAGE RED PAISLEY'})
0.02266594711279007,frozenset({'JUMBO STORAGE BAG SKULLS'})
0.0372369131138694,frozenset({'JUMBO STORAGE BAG SUKI'})
0.01672962763086886,"frozenset({'KEY FOB , BACK DOOR '})"
0.01025364274150027,"frozenset({'KEY FOB , FRONT  DOOR '})"
0.016189962223421478,"frozenset({'KEY FOB , SHED'})"
0.0124123043712898,frozenset({'KITCHEN METAL SIGN'})
0.013491635186184566,frozenset({'KNITTED UNION FLAG HOT WATER BOTTLE'})
0.023745277927684834,frozenset({'LADIES & GENTLEMEN METAL SIGN'})
0.01672962763086886,frozenset({'LANTERN CREAM GAZEBO '})
0.011872638963842417,frozenset({'LARGE HEART MEASURING SPOONS'})
0.025364274150026983,frozenset({'LARGE WHITE HEART OF WICKER'})
0.01457096600107933,frozenset({'LAUNDRY 15C METAL SIGN'})
0.013491635186184566,frozenset({'LONDON BUS COFFEE MUG'})
0.03184025903939557,frozenset({'LOVE BUILDING BLOCK WORD'})
0.0248246087425796,frozenset({'LOVE HOT WATER BOTTLE'})
0.01834862385321101,frozenset({'LOVEBIRD HANGING DECORATION WHITE '})
0.052347544522396115,frozenset({'LUNCH BAG  BLACK SKULL.'})
0.04803022126281705,frozenset({'LUNCH BAG ALPHABET DESIGN'})
0.04533189422558014,frozenset({'LUNCH BAG APPLE DESIGN'})
0.0528872099298435,frozenset({'LUNCH BAG CARS BLUE'})
0.025364274150026983,frozenset({'LUNCH BAG DOILEY PATTERN '})
0.037776578521316787,frozenset({'LUNCH BAG DOLLY GIRL DESIGN'})
0.01457096600107933,frozenset({'LUNCH BAG PAISLEY PARK  '})
0.053966540744738264,frozenset({'LUNCH BAG PINK POLKADOT'})
0.07609282245008095,frozenset({'LUNCH BAG RED RETROSPOT'})
0.06260118726389638,frozenset({'LUNCH BAG SPACEBOY DESIGN '})
0.050728548300053966,frozenset({'LUNCH BAG SUKI DESIGN '})
0.02644360496492175,frozenset({'LUNCH BAG VINTAGE DOILY '})
0.035617916891527254,frozenset({'LUNCH BAG VINTAGE LEAF DESIGN'})
0.05126821370750135,frozenset({'LUNCH BAG WOODLAND'})
0.021586616297895305,frozenset({'LUNCH BOX I LOVE LONDON'})
0.01672962763086886,frozenset({'LUNCH BOX WITH CUTLERY RETROSPOT '})
0.011332973556395036,frozenset({'MAGIC DRAWING SLATE DOLLY GIRL '})
0.010793308148947653,frozenset({'MAGIC DRAWING SLATE SPACEBOY '})
0.011872638963842417,frozenset({'MAGNETS PACK OF 4 SWALLOWS'})
0.01025364274150027,frozenset({'MAGNETS PACK OF 4 VINTAGE COLLAGE'})
0.013491635186184566,frozenset({'MEMO BOARD COTTAGE DESIGN'})
0.021586616297895305,frozenset({'MEMO BOARD RETROSPOT  DESIGN'})
0.01834862385321101,frozenset({'METAL 4 HOOK HANGER FRENCH CHATEAU'})
0.01025364274150027,frozenset({'METAL SIGN EMPIRE TEA'})
0.017808958445763627,frozenset({'METAL SIGN TAKE IT OR LEAVE IT '})
0.011872638963842417,frozenset({'MINI PAINT SET VINTAGE '})
0.010793308148947653,frozenset({'MINIATURE ANTIQUE ROSE HOOK IVORY'})
0.011872638963842417,frozenset({'MINT DINER WALL CLOCK'})
0.01834862385321101,frozenset({'MINT KITCHEN SCALES'})
0.011332973556395036,frozenset({'MONSTERS STENCIL CRAFT'})
0.014031300593631947,frozenset({'MULTI COLOUR SILVER T-LIGHT HOLDER'})
0.013491635186184566,frozenset({'Manual'})
0.0124123043712898,frozenset({'NATURAL SLATE CHALKBOARD LARGE '})
0.048569886670264434,frozenset({'NATURAL SLATE HEART CHALKBOARD '})
0.01672962763086886,frozenset({'NATURAL SLATE RECTANGLE CHALKBOARD'})
0.025364274150026983,frozenset({'NO SINGING METAL SIGN'})
0.015650296815974095,frozenset({'OPEN CLOSED METAL SIGN'})
0.014031300593631947,frozenset({'OVEN MITT APPLES DESIGN'})
0.018888289260658393,frozenset({'PACK OF 12 HEARTS DESIGN TISSUES '})
0.018888289260658393,frozenset({'PACK OF 12 LONDON TISSUES '})
0.010793308148947653,frozenset({'PACK OF 12 RED RETROSPOT TISSUES '})
0.014031300593631947,frozenset({'PACK OF 12 SUKI TISSUES '})
0.018888289260658393,frozenset({'PACK OF 12 TRADITIONAL CRAYONS'})
0.028602266594711278,frozenset({'PACK OF 20 NAPKINS PANTRY DESIGN'})
0.019967620075553156,frozenset({'PACK OF 20 NAPKINS RED APPLES'})
0.01025364274150027,frozenset({'PACK OF 20 SKULL PAPER NAPKINS'})
0.011332973556395036,frozenset({'PACK OF 6 BIRDY GIFT TAGS'})
0.02914193200215866,frozenset({'PACK OF 60 DINOSAUR CAKE CASES'})
0.014031300593631947,frozenset({'PACK OF 60 MUSHROOM CAKE CASES'})
0.03669724770642202,frozenset({'PACK OF 60 PINK PAISLEY CAKE CASES'})
0.023205612520237454,frozenset({'PACK OF 60 SPACEBOY CAKE CASES'})
0.05504587155963303,frozenset({'PACK OF 72 RETROSPOT CAKE CASES'})
0.028062601187263895,frozenset({'PACK OF 72 SKULL CAKE CASES'})
0.021046950890447922,frozenset({'PAINTED METAL PEARS ASSORTED'})
0.023205612520237454,frozenset({'PANTRY MAGNETIC  SHOPPING LIST'})
0.010793308148947653,frozenset({'PANTRY ROLLING PIN'})
0.01457096600107933,frozenset({'PANTRY SCRUBBING BRUSH'})
0.013491635186184566,frozenset({'PANTRY WASHING UP BRUSH'})
0.01025364274150027,frozenset({'PAPER BUNTING COLOURED LACE'})
0.033998920669185105,frozenset({'PAPER BUNTING RETROSPOT'})
0.011332973556395036,frozenset({'PAPER BUNTING VINTAGE PAISLEY'})
0.017269293038316244,frozenset({'PAPER BUNTING WHITE LACE'})
0.0528872099298435,"frozenset({""PAPER CHAIN KIT 50'S CHRISTMAS ""})"
0.019967620075553156,frozenset({'PAPER CHAIN KIT EMPIRE'})
0.025903939557474366,frozenset({'PAPER CHAIN KIT RETROSPOT'})
0.03130059363194819,frozenset({'PAPER CHAIN KIT VINTAGE CHRISTMAS'})
0.0124123043712898,frozenset({'PARISIENNE CURIO CABINET'})
0.010793308148947653,frozenset({'PARISIENNE JEWELLERY DRAWER '})
0.0124123043712898,frozenset({'PARISIENNE KEY CABINET '})
0.07879114948731786,frozenset({'PARTY BUNTING'})
0.014031300593631947,frozenset({'PARTY METAL SIGN '})
0.015110631408526714,frozenset({'PEG BAG APPLES DESIGN'})
0.01025364274150027,frozenset({'PENS ASSORTED FUNNY FACE'})
0.0124123043712898,frozenset({'PHOTO CUBE'})
0.01025364274150027,frozenset({'PHOTO FRAME 3 CLASSIC HANGING'})
0.023205612520237454,frozenset({'PHOTO FRAME CORNICE'})
0.0124123043712898,frozenset({'PICNIC BASKET WICKER LARGE'})
0.011872638963842417,frozenset({'PICNIC BASKET WICKER SMALL'})
0.012951969778737183,frozenset({'PICTURE DOMINOES'})
0.013491635186184566,frozenset({'PIGGY BANK RETROSPOT '})
0.011332973556395036,frozenset({'PINK  POLKADOT CUP'})
0.02914193200215866,frozenset({'PINK BLUE FELT CRAFT TRINKET BOX'})
0.03345925526173772,frozenset({'PINK CREAM FELT CRAFT TRINKET BOX '})
0.011332973556395036,frozenset({'PINK DOUGHNUT TRINKET POT '})
0.019427954668105773,frozenset({'PINK FAIRY CAKE CHILDRENS APRON'})
0.011332973556395036,frozenset({'PINK FLORAL FELTCRAFT SHOULDER BAG'})
0.02050728548300054,frozenset({'PINK HAPPY BIRTHDAY BUNTING'})
0.015110631408526714,frozenset({'PINK HEART SHAPE EGG FRYING PAN'})
0.014031300593631947,frozenset({'PINK POLKADOT BOWL'})
0.03453858607663249,frozenset({'PINK REGENCY TEACUP AND SAUCER'})
0.010793308148947653,frozenset({'PINK VINTAGE PAISLEY PICNIC BAG'})
0.021046950890447922,frozenset({'PLACE SETTING WHITE HEART'})
0.028062601187263895,frozenset({'PLASTERS IN TIN CIRCUS PARADE '})
0.021046950890447922,frozenset({'PLASTERS IN TIN SKULLS'})
0.03184025903939557,frozenset({'PLASTERS IN TIN SPACEBOY'})
0.0248246087425796,frozenset({'PLASTERS IN TIN STRONGMAN'})
0.025364274150026983,frozenset({'PLASTERS IN TIN VINTAGE PAISLEY '})
0.03615758229897464,frozenset({'PLASTERS IN TIN WOODLAND ANIMALS'})
0.010793308148947653,frozenset({'PLAYING CARDS JUBILEE UNION JACK'})
0.02266594711279007,frozenset({'PLAYING CARDS KEEP CALM & CARRY ON'})
0.038855909336211546,frozenset({'PLEASE ONE PERSON METAL SIGN'})
0.026983270372369132,frozenset({'POPCORN HOLDER'})
0.015650296815974095,"frozenset({""POPPY'S PLAYHOUSE BEDROOM ""})"
0.021586616297895305,"frozenset({""POPPY'S PLAYHOUSE KITCHEN""})"
0.011872638963842417,"frozenset({""POPPY'S PLAYHOUSE LIVINGROOM ""})"
0.0528872099298435,frozenset({'POSTAGE'})
0.019967620075553156,frozenset({'POTTERING IN THE SHED METAL SIGN'})
0.01672962763086886,frozenset({'POTTING SHED TEA MUG'})
0.0372369131138694,frozenset({'RABBIT NIGHT LIGHT'})
0.011332973556395036,frozenset({'RAIN PONCHO RETROSPOT'})
0.011332973556395036,frozenset({'RECIPE BOX BLUE SKETCHBOOK DESIGN'})
0.04101457096600108,frozenset({'RECIPE BOX PANTRY YELLOW DESIGN'})
0.02266594711279007,frozenset({'RECIPE BOX RETROSPOT '})
0.014031300593631947,"frozenset({'RECORD FRAME 7"" SINGLE SIZE '})"
0.023745277927684834,frozenset({'RECYCLING BAG RETROSPOT '})
0.030221262817053427,frozenset({'RED  HARMONICA IN BOX '})
0.028602266594711278,frozenset({'RED DINER WALL CLOCK'})
0.012951969778737183,frozenset({'RED FLORAL FELTCRAFT SHOULDER BAG'})
0.04101457096600108,frozenset({'RED HANGING HEART T-LIGHT HOLDER'})
0.022126281705342688,frozenset({'RED KITCHEN SCALES'})
0.016189962223421478,frozenset({'RED METAL BOX TOP SECRET'})
0.015650296815974095,frozenset({'RED RETROSPOT BOWL'})
0.0124123043712898,frozenset({'RED RETROSPOT BUTTER DISH'})
0.015110631408526714,frozenset({'RED RETROSPOT CAKE STAND'})
0.03669724770642202,frozenset({'RED RETROSPOT CHARLOTTE BAG'})
0.01025364274150027,frozenset({'RED RETROSPOT CHILDRENS UMBRELLA'})
0.013491635186184566,frozenset({'RED RETROSPOT CUP'})
0.017269293038316244,frozenset({'RED RETROSPOT MINI CASES'})
0.01025364274150027,frozenset({'RED RETROSPOT MUG'})
0.017269293038316244,frozenset({'RED RETROSPOT OVEN GLOVE '})
0.011332973556395036,frozenset({'RED RETROSPOT OVEN GLOVE DOUBLE'})
0.01834862385321101,frozenset({'RED RETROSPOT PEG BAG'})
0.02050728548300054,frozenset({'RED RETROSPOT PICNIC BAG'})
0.011872638963842417,frozenset({'RED RETROSPOT PLATE '})
0.011872638963842417,frozenset({'RED RETROSPOT ROUND CAKE TINS'})
0.019967620075553156,frozenset({'RED RETROSPOT SHOPPER BAG'})
0.017269293038316244,frozenset({'RED RETROSPOT SMALL MILK JUG'})
0.011872638963842417,frozenset({'RED RETROSPOT SUGAR JAM BOWL'})
0.015110631408526714,frozenset({'RED RETROSPOT UMBRELLA'})
0.014031300593631947,frozenset({'RED RETROSPOT WRAP '})
0.019427954668105773,frozenset({'RED SPOT CERAMIC DRAWER KNOB'})
0.021046950890447922,frozenset({'RED STRIPE CERAMIC DRAWER KNOB'})
0.02914193200215866,frozenset({'RED TOADSTOOL LED NIGHT LIGHT'})
0.011332973556395036,frozenset({'RED WOOLLY HOTTIE WHITE HEART.'})
0.08904479222881813,frozenset({'REGENCY CAKESTAND 3 TIER'})
0.01834862385321101,frozenset({'REGENCY MILK JUG PINK '})
0.017269293038316244,frozenset({'REGENCY SUGAR BOWL GREEN'})
0.01457096600107933,frozenset({'REGENCY TEA PLATE GREEN '})
0.0124123043712898,frozenset({'REGENCY TEA PLATE PINK'})
0.019427954668105773,frozenset({'REGENCY TEA PLATE ROSES '})
0.023205612520237454,frozenset({'REGENCY TEAPOT ROSES '})
0.015650296815974095,frozenset({'RETROSPOT CHILDRENS APRON'})
0.021586616297895305,frozenset({'RETROSPOT HEART HOT WATER BOTTLE'})
0.01025364274150027,frozenset({'RETROSPOT LARGE MILK JUG'})
0.0124123043712898,frozenset({'RETROSPOT PARTY BAG + STICKER SET'})
0.016189962223421478,frozenset({'RETROSPOT RED WASHING UP GLOVES'})
0.04695089044792229,frozenset({'RETROSPOT TEA SET CERAMIC 11 PC '})
0.01457096600107933,frozenset({'REVOLVER WOODEN RULER '})
0.037776578521316787,frozenset({'REX CASH+CARRY JUMBO SHOPPER'})
0.010793308148947653,frozenset({'RIBBON REEL CHRISTMAS PRESENT '})
0.011872638963842417,frozenset({'RIBBON REEL CHRISTMAS SOCK BAUBLE'})
0.016189962223421478,frozenset({'RIBBON REEL HEARTS DESIGN '})
0.023745277927684834,frozenset({'RIBBON REEL STRIPES DESIGN '})
0.01834862385321101,frozenset({'ROBOT BIRTHDAY CARD'})
0.01025364274150027,frozenset({'ROCKING HORSE RED CHRISTMAS '})
0.016189962223421478,"frozenset({""ROLL WRAP 50'S CHRISTMAS""})"
0.01457096600107933,frozenset({'ROLL WRAP VINTAGE CHRISTMAS'})
0.011332973556395036,frozenset({'ROLL WRAP VINTAGE SPOT '})
0.0124123043712898,frozenset({'ROMANTIC PINKS RIBBONS '})
0.052347544522396115,frozenset({'ROSES REGENCY TEACUP AND SAUCER '})
0.016189962223421478,frozenset({'ROTATING SILVER ANGELS T-LIGHT HLDR'})
0.0124123043712898,frozenset({'ROUND CAKE TIN VINTAGE GREEN'})
0.012951969778737183,frozenset({'ROUND CAKE TIN VINTAGE RED'})
0.013491635186184566,frozenset({'ROUND CONTAINER SET OF 5 RETROSPOT'})
0.023205612520237454,frozenset({'ROUND SNACK BOXES SET OF 4 FRUITS '})
0.035617916891527254,frozenset({'ROUND SNACK BOXES SET OF4 WOODLAND '})
0.0124123043712898,frozenset({'S/6 WOODEN SKITTLES IN COTTON BAG'})
0.01457096600107933,frozenset({'SAVE THE PLANET MUG'})
0.013491635186184566,frozenset({'SCANDINAVIAN PAISLEY PICNIC BAG'})
0.019427954668105773,frozenset({'SCANDINAVIAN REDS RIBBONS'})
0.030221262817053427,frozenset({'SCOTTIE DOG HOT WATER BOTTLE'})
0.01025364274150027,frozenset({'SET 12 KIDS COLOUR  CHALK STICKS'})
0.013491635186184566,frozenset({'SET 2 PANTRY DESIGN TEA TOWELS'})
0.01457096600107933,frozenset({'SET 20 NAPKINS FAIRY CAKES DESIGN '})
0.012951969778737183,frozenset({'SET 40 HEART SHAPE PETIT FOUR CASES'})
0.015110631408526714,frozenset({'SET 6 PAPER TABLE LANTERN HEARTS '})
0.01672962763086886,frozenset({'SET 6 SCHOOL MILK BOTTLES IN CRATE'})
0.017808958445763627,frozenset({'SET 7 BABUSHKA NESTING BOXES'})
0.012951969778737183,frozenset({'SET OF 10 LED DOLLY LIGHTS'})
0.023205612520237454,frozenset({'SET OF 12 FAIRY CAKE BAKING CASES'})
0.011332973556395036,frozenset({'SET OF 12 FORK CANDLES'})
0.019427954668105773,frozenset({'SET OF 12 MINI LOAF BAKING CASES'})
0.01457096600107933,frozenset({'SET OF 2 TEA TOWELS APPLE AND PEARS'})
0.01025364274150027,frozenset({'SET OF 2 WOODEN MARKET CRATES'})
0.02050728548300054,frozenset({'SET OF 20 KIDS COOKIE CUTTERS'})
0.027522935779816515,frozenset({'SET OF 20 VINTAGE CHRISTMAS NAPKINS'})
0.023205612520237454,frozenset({'SET OF 3 BUTTERFLY COOKIE CUTTERS'})
0.05558553696708041,frozenset({'SET OF 3 CAKE TINS PANTRY DESIGN '})
0.013491635186184566,frozenset({'SET OF 3 CAKE TINS SKETCHBOOK'})
0.0124123043712898,frozenset({'SET OF 3 HANGING OWLS OLLIE BEAK'})
0.023205612520237454,frozenset({'SET OF 3 HEART COOKIE CUTTERS'})
0.012951969778737183,frozenset({'SET OF 3 NOTEBOOKS IN PARCEL'})
0.042093901780895844,frozenset({'SET OF 3 REGENCY CAKE TINS'})
0.01672962763086886,frozenset({'SET OF 3 WOODEN HEART DECORATIONS'})
0.014031300593631947,frozenset({'SET OF 3 WOODEN SLEIGH DECORATIONS'})
0.011332973556395036,frozenset({'SET OF 3 WOODEN STOCKING DECORATION'})
0.01025364274150027,frozenset({'SET OF 36 DOILIES PANTRY DESIGN'})
0.01025364274150027,frozenset({'SET OF 36 PAISLEY FLOWER DOILIES'})
0.013491635186184566,frozenset({'SET OF 4 JAM JAR MAGNETS'})
0.010793308148947653,frozenset({'SET OF 4 KNICK KNACK TINS DOILEY '})
0.016189962223421478,frozenset({'SET OF 4 KNICK KNACK TINS DOILY '})
0.04533189422558014,frozenset({'SET OF 4 PANTRY JELLY MOULDS'})
0.010793308148947653,frozenset({'SET OF 5 LUCKY CAT MAGNETS '})
0.010793308148947653,frozenset({'SET OF 5 MINI GROCERY MAGNETS'})
0.014031300593631947,frozenset({'SET OF 5 PANCAKE DAY MAGNETS'})
0.019427954668105773,frozenset({'SET OF 6 RIBBONS VINTAGE CHRISTMAS'})
0.012951969778737183,frozenset({'SET OF 6 SNACK LOAF BAKING CASES'})
0.018888289260658393,frozenset({'SET OF 6 SOLDIER SKITTLES'})
0.030221262817053427,frozenset({'SET OF 6 SPICE TINS PANTRY DESIGN'})
0.014031300593631947,frozenset({'SET OF 6 T-LIGHTS SANTA'})
0.011332973556395036,frozenset({'SET OF 6 T-LIGHTS SNOWMEN'})
0.015110631408526714,frozenset({'SET OF 6 TEA TIME BAKING CASES'})
0.014031300593631947,frozenset({'SET OF 60 I LOVE LONDON CAKE CASES '})
0.025903939557474366,frozenset({'SET OF 60 PANTRY DESIGN CAKE CASES '})
0.014031300593631947,frozenset({'SET OF 60 VINTAGE LEAF CAKE CASES '})
0.017269293038316244,frozenset({'SET OF 72 PINK HEART PAPER DOILIES'})
0.022126281705342688,frozenset({'SET OF 72 RETROSPOT PAPER  DOILIES'})
0.0124123043712898,frozenset({'SET OF 9 HEART SHAPED BALLOONS'})
0.0124123043712898,frozenset({'SET OF SALT AND PEPPER TOADSTOOLS'})
0.017808958445763627,frozenset({'SET OF TEA COFFEE SUGAR TINS PANTRY'})
0.012951969778737183,frozenset({'SET/10 BLUE POLKADOT PARTY CANDLES'})
0.017808958445763627,frozenset({'SET/10 PINK POLKADOT PARTY CANDLES'})
0.015650296815974095,frozenset({'SET/10 RED POLKADOT PARTY CANDLES'})
0.0124123043712898,frozenset({'SET/2 RED RETROSPOT TEA TOWELS '})
0.03291958985429034,frozenset({'SET/20 RED RETROSPOT PAPER NAPKINS '})
0.01025364274150027,frozenset({'SET/20 STRAWBERRY PAPER NAPKINS '})
0.018888289260658393,frozenset({'SET/3 RED GINGHAM ROSE STORAGE BOX'})
0.035617916891527254,frozenset({'SET/5 RED RETROSPOT LID GLASS BOWLS'})
0.014031300593631947,frozenset({'SET/6 RED SPOTTY PAPER CUPS'})
0.015650296815974095,frozenset({'SET/6 RED SPOTTY PAPER PLATES'})
0.014031300593631947,frozenset({'SET3 BOOK BOX GREEN GINGHAM FLOWER '})
0.010793308148947653,frozenset({'SILVER BELLS TABLE DECORATION'})
0.013491635186184566,frozenset({'SILVER STARS TABLE DECORATION'})
0.012951969778737183,frozenset({'SINGLE ANTIQUE ROSE HOOK IVORY'})
0.015650296815974095,frozenset({'SINGLE HEART ZINC T-LIGHT HOLDER'})
0.015110631408526714,frozenset({'SKULL LUNCH BOX WITH CUTLERY '})
0.02266594711279007,frozenset({'SMALL DOLLY MIX DESIGN ORANGE BOWL'})
0.017808958445763627,frozenset({'SMALL GLASS HEART TRINKET POT'})
0.010793308148947653,frozenset({'SMALL HANGING IVORY/RED WOOD BIRD'})
0.010793308148947653,frozenset({'SMALL HEART MEASURING SPOONS'})
0.017269293038316244,frozenset({'SMALL MARSHMALLOWS PINK BOWL'})
0.01025364274150027,frozenset({'SMALL PARISIENNE HEART PHOTO FRAME '})
0.017269293038316244,frozenset({'SMALL POPCORN HOLDER'})
0.01025364274150027,frozenset({'SMALL PURPLE BABUSHKA NOTEBOOK '})
0.03453858607663249,frozenset({'SMALL WHITE HEART OF WICKER'})
0.019967620075553156,frozenset({'SOLDIERS EGG CUP '})
0.022126281705342688,frozenset({'SPACEBOY BIRTHDAY CARD'})
0.0124123043712898,frozenset({'SPACEBOY CHILDRENS BOWL'})
0.0124123043712898,frozenset({'SPACEBOY CHILDRENS CUP'})
0.035617916891527254,frozenset({'SPACEBOY LUNCH BOX '})
0.011332973556395036,frozenset({'SPACEBOY MINI BACKPACK'})
0.05774419859686994,frozenset({'SPOTTY BUNTING'})
0.01025364274150027,frozenset({'STRAWBERRY   PICNIC BAG'})
0.035617916891527254,frozenset({'STRAWBERRY CERAMIC TRINKET BOX'})
0.024284943335132217,frozenset({'STRAWBERRY CHARLOTTE BAG'})
0.013491635186184566,frozenset({'STRAWBERRY FAIRY CAKE TEAPOT'})
0.025364274150026983,frozenset({'STRAWBERRY LUNCH BOX WITH CUTLERY'})
0.010793308148947653,frozenset({'STRAWBERRY SHOPPER BAG'})
0.0124123043712898,frozenset({'SWALLOWS GREETING CARD'})
0.015110631408526714,frozenset({'SWEETHEART CAKESTAND 3 TIER'})
0.024284943335132217,frozenset({'SWEETHEART CERAMIC TRINKET BOX'})
0.014031300593631947,frozenset({'SWEETHEART RECIPE BOOK STAND'})
0.01025364274150027,frozenset({'T-LIGHT GLASS FLUTED ANTIQUE'})
0.0124123043712898,frozenset({'TEA BAG PLATE RED RETROSPOT'})
0.011332973556395036,frozenset({'TEA PARTY BIRTHDAY CARD'})
0.015650296815974095,frozenset({'TEA TIME OVEN GLOVE'})
0.01457096600107933,frozenset({'TEA TIME PARTY BUNTING'})
0.017269293038316244,frozenset({'TOILET METAL SIGN'})
0.012951969778737183,frozenset({'TOILET SIGN OCCUPIED OR VACANT'})
0.015650296815974095,frozenset({'TOY TIDY PINK POLKADOT'})
0.017808958445763627,frozenset({'TRADITIONAL CHRISTMAS RIBBONS'})
0.0248246087425796,frozenset({'TRADITIONAL KNITTING NANCY'})
0.021046950890447922,frozenset({'TRADITIONAL MODELLING CLAY'})
0.013491635186184566,frozenset({'TRADITIONAL PICK UP STICKS GAME '})
0.01672962763086886,frozenset({'TRADITIONAL WOODEN CATCH CUP GAME '})
0.01834862385321101,frozenset({'TRADITIONAL WOODEN SKIPPING ROPE'})
0.011332973556395036,frozenset({'TRADTIONAL ALPHABET STAMP SET'})
0.02050728548300054,frozenset({'TRAVEL CARD WALLET KEEP CALM'})
0.0124123043712898,frozenset({'TRAVEL CARD WALLET VINTAGE TICKET'})
0.021586616297895305,frozenset({'TRAVEL SEWING KIT'})
0.011872638963842417,frozenset({'TREASURE ISLAND BOOK BOX'})
0.015110631408526714,frozenset({'TREASURE TIN GYMKHANA DESIGN'})
0.010793308148947653,frozenset({'TRIPLE HOOK ANTIQUE IVORY ROSE'})
0.015650296815974095,frozenset({'TRIPLE PHOTO FRAME CORNICE '})
0.04263356718834323,frozenset({'VICTORIAN GLASS HANGING T-LIGHT'})
0.01025364274150027,frozenset({'VICTORIAN SEWING BOX MEDIUM'})
0.015650296815974095,frozenset({'VICTORIAN SEWING BOX SMALL '})
0.0124123043712898,frozenset({'VINTAGE  2 METER FOLDING RULER'})
0.014031300593631947,frozenset({'VINTAGE CHRISTMAS BUNTING'})
0.0124123043712898,frozenset({'VINTAGE CHRISTMAS GIFT SACK'})
0.01457096600107933,frozenset({'VINTAGE CHRISTMAS STOCKING '})
0.017808958445763627,frozenset({'VINTAGE CREAM CAT FOOD CONTAINER'})
0.018888289260658393,frozenset({'VINTAGE CREAM DOG FOOD CONTAINER'})
0.014031300593631947,frozenset({'VINTAGE DOILY JUMBO BAG RED '})
0.021586616297895305,frozenset({'VINTAGE DOILY TRAVEL SEWING KIT'})
0.017269293038316244,frozenset({'VINTAGE DONKEY TAIL GAME '})
0.021586616297895305,frozenset({'VINTAGE HEADS AND TAILS CARD GAME '})
0.016189962223421478,frozenset({'VINTAGE SNAKES & LADDERS'})
0.03939557474365893,frozenset({'VINTAGE SNAP CARDS'})
0.018888289260658393,frozenset({'VINTAGE UNION JACK BUNTING'})
0.011332973556395036,frozenset({'VINTAGE UNION JACK MEMOBOARD'})
0.013491635186184566,frozenset({'WASHROOM METAL SIGN'})
0.01025364274150027,frozenset({'WATERING CAN BLUE ELEPHANT'})
0.01025364274150027,frozenset({'WATERING CAN GREEN DINOSAUR'})
0.011872638963842417,frozenset({'WATERING CAN PINK BUNNY'})
0.0124123043712898,frozenset({'WELCOME  WOODEN BLOCK LETTERS'})
0.11009174311926606,frozenset({'WHITE HANGING HEART T-LIGHT HOLDER'})
0.011332973556395036,frozenset({'WHITE METAL LANTERN'})
0.01672962763086886,frozenset({'WHITE SKULL HOT WATER BOTTLE '})
0.018888289260658393,frozenset({'WHITE SPOT BLUE CERAMIC DRAWER KNOB'})
0.024284943335132217,frozenset({'WHITE SPOT RED CERAMIC DRAWER KNOB'})
0.015110631408526714,frozenset({'WHITE WICKER STAR '})
0.019967620075553156,frozenset({'WHITE WOOD GARDEN PLANT LADDER'})
0.017808958445763627,frozenset({'WICKER STAR '})
0.026983270372369132,frozenset({'WOOD 2 DRAWER CABINET WHITE FINISH'})
0.03076092822450081,frozenset({'WOOD BLACK BOARD ANT WHITE FINISH'})
0.019427954668105773,frozenset({'WOOD S/3 CABINET ANT WHITE FINISH'})
0.01457096600107933,frozenset({'WOOD STAMP SET THANK YOU'})
0.027522935779816515,frozenset({'WOODEN BOX OF DOMINOES'})
0.011332973556395036,frozenset({'WOODEN CROQUET GARDEN SET'})
0.04533189422558014,frozenset({'WOODEN FRAME ANTIQUE WHITE '})
0.013491635186184566,frozenset({'WOODEN HAPPY BIRTHDAY GARLAND'})
0.023205612520237454,frozenset({'WOODEN HEART CHRISTMAS SCANDINAVIAN'})
0.013491635186184566,frozenset({'WOODEN OWLS LIGHT GARLAND '})
0.050728548300053966,frozenset({'WOODEN PICTURE FRAME WHITE FINISH'})
0.014031300593631947,frozenset({'WOODEN ROUNDERS GARDEN SET '})
0.025903939557474366,frozenset({'WOODEN SCHOOL COLOURING SET'})
0.01834862385321101,frozenset({'WOODEN STAR CHRISTMAS SCANDINAVIAN'})
0.012951969778737183,frozenset({'WOODEN TREE CHRISTMAS SCANDINAVIAN'})
0.017269293038316244,frozenset({'WOODEN UNION JACK BUNTING'})
0.025903939557474366,frozenset({'WOODLAND CHARLOTTE BAG'})
0.02644360496492175,frozenset({'WORLD WAR 2 GLIDERS ASSTD DESIGNS'})
0.01025364274150027,frozenset({'WRAP ENGLISH ROSE '})
0.01025364274150027,frozenset({'WRAP RED APPLES '})
0.018888289260658393,"frozenset({""YOU'RE CONFUSING ME METAL SIGN ""})"
0.01457096600107933,frozenset({'ZINC FOLKART SLEIGH BELLS'})
0.01025364274150027,frozenset({'ZINC HERB GARDEN CONTAINER'})
0.02644360496492175,frozenset({'ZINC METAL HEART DECORATION'})
0.01025364274150027,frozenset({'ZINC T-LIGHT HOLDER STARS SMALL'})
0.011332973556395036,"frozenset({'60 CAKE CASES DOLLY GIRL DESIGN', 'PACK OF 60 PINK PAISLEY CAKE CASES'})"
0.010793308148947653,"frozenset({'60 CAKE CASES DOLLY GIRL DESIGN', 'PACK OF 60 SPACEBOY CAKE CASES'})"
0.010793308148947653,"frozenset({'60 CAKE CASES VINTAGE CHRISTMAS', 'SET OF 20 VINTAGE CHRISTMAS NAPKINS'})"
0.011332973556395036,"frozenset({'60 TEATIME FAIRY CAKE CASES', '72 SWEETHEART FAIRY CAKE CASES'})"
0.01025364274150027,"frozenset({'60 TEATIME FAIRY CAKE CASES', 'PACK OF 60 DINOSAUR CAKE CASES'})"
0.017269293038316244,"frozenset({'PACK OF 60 PINK PAISLEY CAKE CASES', '60 TEATIME FAIRY CAKE CASES'})"
0.01025364274150027,"frozenset({'60 TEATIME FAIRY CAKE CASES', 'PACK OF 60 SPACEBOY CAKE CASES'})"
0.015110631408526714,"frozenset({'60 TEATIME FAIRY CAKE CASES', 'PACK OF 72 RETROSPOT CAKE CASES'})"
0.010793308148947653,"frozenset({'60 TEATIME FAIRY CAKE CASES', 'PACK OF 72 SKULL CAKE CASES'})"
0.011332973556395036,"frozenset({'PACK OF 60 DINOSAUR CAKE CASES', '72 SWEETHEART FAIRY CAKE CASES'})"
0.014031300593631947,"frozenset({'PACK OF 60 PINK PAISLEY CAKE CASES', '72 SWEETHEART FAIRY CAKE CASES'})"
0.012951969778737183,"frozenset({'PACK OF 72 RETROSPOT CAKE CASES', '72 SWEETHEART FAIRY CAKE CASES'})"
0.016189962223421478,"frozenset({'ALARM CLOCK BAKELIKE GREEN', 'ALARM CLOCK BAKELIKE CHOCOLATE'})"
0.012951969778737183,"frozenset({'ALARM CLOCK BAKELIKE IVORY', 'ALARM CLOCK BAKELIKE CHOCOLATE'})"
0.010793308148947653,"frozenset({'ALARM CLOCK BAKELIKE ORANGE', 'ALARM CLOCK BAKELIKE CHOCOLATE'})"
0.012951969778737183,"frozenset({'ALARM CLOCK BAKELIKE PINK', 'ALARM CLOCK BAKELIKE CHOCOLATE'})"
0.017269293038316244,"frozenset({'ALARM CLOCK BAKELIKE RED ', 'ALARM CLOCK BAKELIKE CHOCOLATE'})"
0.019427954668105773,"frozenset({'ALARM CLOCK BAKELIKE GREEN', 'ALARM CLOCK BAKELIKE IVORY'})"
0.013491635186184566,"frozenset({'ALARM CLOCK BAKELIKE GREEN', 'ALARM CLOCK BAKELIKE ORANGE'})"
0.019967620075553156,"frozenset({'ALARM CLOCK BAKELIKE GREEN', 'ALARM CLOCK BAKELIKE PINK'})"
0.032379924446842956,"frozenset({'ALARM CLOCK BAKELIKE GREEN', 'ALARM CLOCK BAKELIKE RED '})"
0.011332973556395036,"frozenset({'ALARM CLOCK BAKELIKE ORANGE', 'ALARM CLOCK BAKELIKE IVORY'})"
0.01672962763086886,"frozenset({'ALARM CLOCK BAKELIKE IVORY', 'ALARM CLOCK BAKELIKE PINK'})"
0.02266594711279007,"frozenset({'ALARM CLOCK BAKELIKE RED ', 'ALARM CLOCK BAKELIKE IVORY'})"
0.012951969778737183,"frozenset({'ALARM CLOCK BAKELIKE ORANGE', 'ALARM CLOCK BAKELIKE PINK'})"
0.01834862385321101,"frozenset({'ALARM CLOCK BAKELIKE RED ', 'ALARM CLOCK BAKELIKE ORANGE'})"
0.025364274150026983,"frozenset({'ALARM CLOCK BAKELIKE RED ', 'ALARM CLOCK BAKELIKE PINK'})"
0.01025364274150027,"frozenset({'ANTIQUE SILVER T-LIGHT GLASS', 'ASSORTED COLOUR BIRD ORNAMENT'})"
0.01025364274150027,"frozenset({'HOME BUILDING BLOCK WORD', 'ASSORTED COLOUR BIRD ORNAMENT'})"
0.010793308148947653,"frozenset({'LUNCH BAG RED RETROSPOT', 'ASSORTED COLOUR BIRD ORNAMENT'})"
0.011332973556395036,"frozenset({'ASSORTED COLOUR BIRD ORNAMENT', 'NATURAL SLATE HEART CHALKBOARD '})"
0.015650296815974095,"frozenset({'PAINTED METAL PEARS ASSORTED', 'ASSORTED COLOUR BIRD ORNAMENT'})"
0.017808958445763627,"frozenset({'PARTY BUNTING', 'ASSORTED COLOUR BIRD ORNAMENT'})"
0.011332973556395036,"frozenset({'REGENCY CAKESTAND 3 TIER', 'ASSORTED COLOUR BIRD ORNAMENT'})"
0.011332973556395036,"frozenset({'SPOTTY BUNTING', 'ASSORTED COLOUR BIRD ORNAMENT'})"
0.0124123043712898,"frozenset({'ASSORTED COLOUR BIRD ORNAMENT', 'VICTORIAN GLASS HANGING T-LIGHT'})"
0.02050728548300054,"frozenset({'WHITE HANGING HEART T-LIGHT HOLDER', 'ASSORTED COLOUR BIRD ORNAMENT'})"
0.02050728548300054,"frozenset({'BAKING SET SPACEBOY DESIGN', 'BAKING SET 9 PIECE RETROSPOT '})"
0.014031300593631947,"frozenset({'BAKING SET 9 PIECE RETROSPOT ', 'RETROSPOT TEA SET CERAMIC 11 PC '})"
0.013491635186184566,"frozenset({'BATHROOM METAL SIGN', 'TOILET METAL SIGN'})"
0.01025364274150027,"frozenset({'COOK WITH WINE METAL SIGN ', 'BEWARE OF THE CAT METAL SIGN '})"
0.012951969778737183,"frozenset({'IVORY DINER WALL CLOCK', 'BLUE DINER WALL CLOCK'})"
0.013491635186184566,"frozenset({'RED DINER WALL CLOCK', 'BLUE DINER WALL CLOCK'})"
0.012951969778737183,"frozenset({'BLUE HAPPY BIRTHDAY BUNTING', 'PINK HAPPY BIRTHDAY BUNTING'})"
0.017808958445763627,"frozenset({'RED  HARMONICA IN BOX ', 'BLUE HARMONICA IN BOX '})"
0.011872638963842417,"frozenset({'BLUE SPOT CERAMIC DRAWER KNOB', 'BLUE STRIPE CERAMIC DRAWER KNOB'})"
0.012951969778737183,"frozenset({'RED SPOT CERAMIC DRAWER KNOB', 'BLUE SPOT CERAMIC DRAWER KNOB'})"
0.010793308148947653,"frozenset({'RED STRIPE CERAMIC DRAWER KNOB', 'BLUE SPOT CERAMIC DRAWER KNOB'})"
0.011872638963842417,"frozenset({'WHITE SPOT BLUE CERAMIC DRAWER KNOB', 'BLUE SPOT CERAMIC DRAWER KNOB'})"
0.013491635186184566,"frozenset({'WHITE SPOT RED CERAMIC DRAWER KNOB', 'BLUE SPOT CERAMIC DRAWER KNOB'})"
0.012951969778737183,"frozenset({'RED SPOT CERAMIC DRAWER KNOB', 'BLUE STRIPE CERAMIC DRAWER KNOB'})"
0.014031300593631947,"frozenset({'RED STRIPE CERAMIC DRAWER KNOB', 'BLUE STRIPE CERAMIC DRAWER KNOB'})"
0.011332973556395036,"frozenset({'WHITE SPOT BLUE CERAMIC DRAWER KNOB', 'BLUE STRIPE CERAMIC DRAWER KNOB'})"
0.013491635186184566,"frozenset({'WHITE SPOT RED CERAMIC DRAWER KNOB', 'BLUE STRIPE CERAMIC DRAWER KNOB'})"
0.013491635186184566,"frozenset({'WHITE HANGING HEART T-LIGHT HOLDER', 'CANDLEHOLDER PINK HANGING HEART'})"
0.010793308148947653,"frozenset({'CHARLOTTE BAG APPLES DESIGN', 'CHARLOTTE BAG PINK POLKADOT'})"
0.01025364274150027,"frozenset({'LUNCH BAG APPLE DESIGN', 'CHARLOTTE BAG APPLES DESIGN'})"
0.014031300593631947,"frozenset({'RED RETROSPOT CHARLOTTE BAG', 'CHARLOTTE BAG APPLES DESIGN'})"
0.011332973556395036,"frozenset({'CHARLOTTE BAG DOLLY GIRL DESIGN', 'CHARLOTTE BAG SUKI DESIGN'})"
0.018888289260658393,"frozenset({'RED RETROSPOT CHARLOTTE BAG', 'CHARLOTTE BAG PINK POLKADOT'})"
0.010793308148947653,"frozenset({'STRAWBERRY CHARLOTTE BAG', 'CHARLOTTE BAG PINK POLKADOT'})"
0.014031300593631947,"frozenset({'RED RETROSPOT CHARLOTTE BAG', 'CHARLOTTE BAG SUKI DESIGN'})"
0.011332973556395036,"frozenset({'STRAWBERRY CHARLOTTE BAG', 'CHARLOTTE BAG SUKI DESIGN'})"
0.013491635186184566,"frozenset({'WOODLAND CHARLOTTE BAG', 'CHARLOTTE BAG SUKI DESIGN'})"
0.015650296815974095,"frozenset({'CHOCOLATE HOT WATER BOTTLE', 'HOT WATER BOTTLE I AM SO POORLY'})"
0.01672962763086886,"frozenset({'CHOCOLATE HOT WATER BOTTLE', 'HOT WATER BOTTLE KEEP CALM'})"
0.016189962223421478,"frozenset({'CHOCOLATE HOT WATER BOTTLE', 'HOT WATER BOTTLE TEA AND SYMPATHY'})"
0.0124123043712898,"frozenset({'SCOTTIE DOG HOT WATER BOTTLE', 'CHOCOLATE HOT WATER BOTTLE'})"
0.010793308148947653,"frozenset({'CHOCOLATE THIS WAY METAL SIGN', 'COOK WITH WINE METAL SIGN '})"
0.01025364274150027,"frozenset({'CHOCOLATE THIS WAY METAL SIGN', 'GIN + TONIC DIET METAL SIGN'})"
0.011332973556395036,"frozenset({'COFFEE MUG APPLES DESIGN', 'COFFEE MUG PEARS  DESIGN'})"
0.019427954668105773,"frozenset({'COOK WITH WINE METAL SIGN ', 'GIN + TONIC DIET METAL SIGN'})"
0.015650296815974095,"frozenset({'COOK WITH WINE METAL SIGN ', 'HAND OVER THE CHOCOLATE   SIGN '})"
0.010793308148947653,"frozenset({'COOK WITH WINE METAL SIGN ', 'HOT BATHS METAL SIGN'})"
0.010793308148947653,"frozenset({'COOK WITH WINE METAL SIGN ', 'NO SINGING METAL SIGN'})"
0.016189962223421478,"frozenset({'PLEASE ONE PERSON METAL SIGN', 'COOK WITH WINE METAL SIGN '})"
0.010793308148947653,"frozenset({""YOU'RE CONFUSING ME METAL SIGN "", 'COOK WITH WINE METAL SIGN '})"
0.01834862385321101,"frozenset({'SPACEBOY LUNCH BOX ', 'DOLLY GIRL LUNCH BOX'})"
0.01025364274150027,"frozenset({'FELTCRAFT CUSHION BUTTERFLY', 'FELTCRAFT CUSHION OWL'})"
0.010793308148947653,"frozenset({'FELTCRAFT CUSHION RABBIT', 'FELTCRAFT CUSHION BUTTERFLY'})"
0.012951969778737183,"frozenset({'FELTCRAFT CUSHION RABBIT', 'FELTCRAFT CUSHION OWL'})"
0.021586616297895305,"frozenset({'GARDENERS KNEELING PAD KEEP CALM ', 'GARDENERS KNEELING PAD CUP OF TEA '})"
0.013491635186184566,"frozenset({'HAND OVER THE CHOCOLATE   SIGN ', 'GIN + TONIC DIET METAL SIGN'})"
0.01025364274150027,"frozenset({'HOT BATHS METAL SIGN', 'GIN + TONIC DIET METAL SIGN'})"
0.0124123043712898,"frozenset({'NO SINGING METAL SIGN', 'GIN + TONIC DIET METAL SIGN'})"
0.014031300593631947,"frozenset({'PLEASE ONE PERSON METAL SIGN', 'GIN + TONIC DIET METAL SIGN'})"
0.01025364274150027,"frozenset({""YOU'RE CONFUSING ME METAL SIGN "", 'GIN + TONIC DIET METAL SIGN'})"
0.011332973556395036,"frozenset({'GINGERBREAD MAN COOKIE CUTTER', 'SET OF 3 BUTTERFLY COOKIE CUTTERS'})"
0.026983270372369132,"frozenset({'PINK REGENCY TEACUP AND SAUCER', 'GREEN REGENCY TEACUP AND SAUCER'})"
0.023205612520237454,"frozenset({'REGENCY CAKESTAND 3 TIER', 'GREEN REGENCY TEACUP AND SAUCER'})"
0.03345925526173772,"frozenset({'GREEN REGENCY TEACUP AND SAUCER', 'ROSES REGENCY TEACUP AND SAUCER '})"
0.010793308148947653,"frozenset({'HAND OVER THE CHOCOLATE   SIGN ', 'HOT BATHS METAL SIGN'})"
0.01025364274150027,"frozenset({'HAND OVER THE CHOCOLATE   SIGN ', 'NO SINGING METAL SIGN'})"
0.011332973556395036,"frozenset({'PLEASE ONE PERSON METAL SIGN', 'HAND OVER THE CHOCOLATE   SIGN '})"
0.012951969778737183,"frozenset({'HAND WARMER BIRD DESIGN', 'HAND WARMER OWL DESIGN'})"
0.011872638963842417,"frozenset({'HAND WARMER SCOTTY DOG DESIGN', 'HAND WARMER BIRD DESIGN'})"
0.014031300593631947,"frozenset({'HAND WARMER SCOTTY DOG DESIGN', 'HAND WARMER OWL DESIGN'})"
0.011872638963842417,"frozenset({'HAND WARMER UNION JACK', 'HAND WARMER OWL DESIGN'})"
0.021046950890447922,"frozenset({'HEART OF WICKER LARGE', 'HEART OF WICKER SMALL'})"
0.011872638963842417,"frozenset({'HEART OF WICKER LARGE', 'WHITE HANGING HEART T-LIGHT HOLDER'})"
0.011872638963842417,"frozenset({'HEART OF WICKER SMALL', 'SMALL WHITE HEART OF WICKER'})"
0.01457096600107933,"frozenset({'HEART OF WICKER SMALL', 'WHITE HANGING HEART T-LIGHT HOLDER'})"
0.011332973556395036,"frozenset({'HERB MARKER MINT', 'HERB MARKER BASIL'})"
0.011332973556395036,"frozenset({'HERB MARKER PARSLEY', 'HERB MARKER BASIL'})"
0.011332973556395036,"frozenset({'HERB MARKER ROSEMARY', 'HERB MARKER BASIL'})"
0.010793308148947653,"frozenset({'HERB MARKER THYME', 'HERB MARKER BASIL'})"
0.010793308148947653,"frozenset({'HERB MARKER PARSLEY', 'HERB MARKER MINT'})"
0.011332973556395036,"frozenset({'HERB MARKER MINT', 'HERB MARKER ROSEMARY'})"
0.01025364274150027,"frozenset({'HERB MARKER THYME', 'HERB MARKER MINT'})"
0.010793308148947653,"frozenset({'HERB MARKER PARSLEY', 'HERB MARKER ROSEMARY'})"
0.01025364274150027,"frozenset({'HERB MARKER THYME', 'HERB MARKER PARSLEY'})"
0.01025364274150027,"frozenset({'HERB MARKER THYME', 'HERB MARKER ROSEMARY'})"
0.01672962763086886,"frozenset({'HOME BUILDING BLOCK WORD', 'LOVE BUILDING BLOCK WORD'})"
0.01025364274150027,"frozenset({'WHITE HANGING HEART T-LIGHT HOLDER', 'HOME BUILDING BLOCK WORD'})"
0.013491635186184566,"frozenset({'HOT WATER BOTTLE KEEP CALM', 'HOT WATER BOTTLE I AM SO POORLY'})"
0.011872638963842417,"frozenset({'HOT WATER BOTTLE KEEP CALM', 'HOT WATER BOTTLE TEA AND SYMPATHY'})"
0.013491635186184566,"frozenset({'LOVE HOT WATER BOTTLE', 'HOT WATER BOTTLE KEEP CALM'})"
0.011872638963842417,"frozenset({'IVORY DINER WALL CLOCK', 'RED DINER WALL CLOCK'})"
0.011872638963842417,"frozenset({'MINT KITCHEN SCALES', 'IVORY KITCHEN SCALES'})"
0.012951969778737183,"frozenset({'RED KITCHEN SCALES', 'IVORY KITCHEN SCALES'})"
0.018888289260658393,"frozenset({'JAM MAKING SET WITH JARS', 'JAM MAKING SET PRINTED'})"
0.011872638963842417,"frozenset({'JAM MAKING SET WITH JARS', 'SET OF 3 CAKE TINS PANTRY DESIGN '})"
0.012951969778737183,"frozenset({'JUMBO BAG PINK POLKADOT', 'JUMBO  BAG BAROQUE BLACK WHITE'})"
0.018888289260658393,"frozenset({'JUMBO  BAG BAROQUE BLACK WHITE', 'JUMBO BAG RED RETROSPOT'})"
0.012951969778737183,"frozenset({'JUMBO  BAG BAROQUE BLACK WHITE', 'JUMBO BAG STRAWBERRY'})"
0.011872638963842417,"frozenset({'JUMBO  BAG BAROQUE BLACK WHITE', 'JUMBO SHOPPER VINTAGE RED PAISLEY'})"
0.012951969778737183,"frozenset({'JUMBO BAG VINTAGE CHRISTMAS ', ""JUMBO BAG 50'S CHRISTMAS ""})"
0.011872638963842417,"frozenset({'JUMBO BAG APPLES', 'JUMBO BAG ALPHABET'})"
0.015650296815974095,"frozenset({'JUMBO BAG ALPHABET', 'JUMBO BAG RED RETROSPOT'})"
0.01025364274150027,"frozenset({'JUMBO BAG SCANDINAVIAN BLUE PAISLEY', 'JUMBO BAG ALPHABET'})"
0.01025364274150027,"frozenset({'JUMBO BAG ALPHABET', 'JUMBO BAG STRAWBERRY'})"
0.013491635186184566,"frozenset({'JUMBO BAG VINTAGE LEAF', 'JUMBO BAG ALPHABET'})"
0.01025364274150027,"frozenset({'JUMBO STORAGE BAG SUKI', 'JUMBO BAG ALPHABET'})"
0.017808958445763627,"frozenset({'LUNCH BAG ALPHABET DESIGN', 'JUMBO BAG ALPHABET'})"
0.01025364274150027,"frozenset({'LUNCH BAG APPLE DESIGN', 'JUMBO BAG ALPHABET'})"
0.010793308148947653,"frozenset({'JUMBO BAG ALPHABET', 'LUNCH BAG RED RETROSPOT'})"
0.014031300593631947,"frozenset({'JUMBO BAG APPLES', 'JUMBO BAG PEARS'})"
0.010793308148947653,"frozenset({'JUMBO BAG APPLES', 'JUMBO BAG PINK POLKADOT'})"
0.017269293038316244,"frozenset({'JUMBO BAG APPLES', 'JUMBO BAG RED RETROSPOT'})"
0.010793308148947653,"frozenset({'JUMBO BAG APPLES', 'JUMBO BAG STRAWBERRY'})"
0.011332973556395036,"frozenset({'JUMBO BAG APPLES', 'JUMBO BAG VINTAGE LEAF'})"
0.015110631408526714,"frozenset({'JUMBO BAG APPLES', 'LUNCH BAG APPLE DESIGN'})"
0.0124123043712898,"frozenset({'JUMBO BAG DOILEY PATTERNS', 'JUMBO BAG RED RETROSPOT'})"
0.0124123043712898,"frozenset({'JUMBO BAG DOILEY PATTERNS', 'JUMBO BAG VINTAGE LEAF'})"
0.010793308148947653,"frozenset({'JUMBO BAG DOILEY PATTERNS', 'LUNCH BAG DOILEY PATTERN '})"
0.011872638963842417,"frozenset({'JUMBO BAG PEARS', 'JUMBO BAG RED RETROSPOT'})"
0.025903939557474366,"frozenset({'JUMBO BAG PINK POLKADOT', 'JUMBO BAG RED RETROSPOT'})"
0.011872638963842417,"frozenset({'JUMBO BAG SCANDINAVIAN BLUE PAISLEY', 'JUMBO BAG PINK POLKADOT'})"
0.019967620075553156,"frozenset({'JUMBO BAG PINK POLKADOT', 'JUMBO BAG STRAWBERRY'})"
0.011332973556395036,"frozenset({'JUMBO BAG PINK POLKADOT', 'JUMBO BAG WOODLAND ANIMALS'})"
0.0124123043712898,"frozenset({'JUMBO BAG PINK POLKADOT', 'JUMBO SHOPPER VINTAGE RED PAISLEY'})"
0.01025364274150027,"frozenset({'JUMBO STORAGE BAG SKULLS', 'JUMBO BAG PINK POLKADOT'})"
0.013491635186184566,"frozenset({'JUMBO STORAGE BAG SUKI', 'JUMBO BAG PINK POLKADOT'})"
0.017269293038316244,"frozenset({'LUNCH BAG PINK POLKADOT', 'JUMBO BAG PINK POLKADOT'})"
0.014031300593631947,"frozenset({'JUMBO BAG PINK POLKADOT', 'LUNCH BAG RED RETROSPOT'})"
0.01025364274150027,"frozenset({'LUNCH BAG WOODLAND', 'JUMBO BAG PINK POLKADOT'})"
0.01834862385321101,"frozenset({'JUMBO BAG PINK VINTAGE PAISLEY', 'JUMBO BAG RED RETROSPOT'})"
0.011332973556395036,"frozenset({'JUMBO BAG PINK VINTAGE PAISLEY', 'JUMBO BAG SCANDINAVIAN BLUE PAISLEY'})"
0.01457096600107933,"frozenset({'JUMBO BAG PINK VINTAGE PAISLEY', 'JUMBO BAG STRAWBERRY'})"
0.01834862385321101,"frozenset({'JUMBO BAG SCANDINAVIAN BLUE PAISLEY', 'JUMBO BAG RED RETROSPOT'})"
0.028602266594711278,"frozenset({'JUMBO BAG RED RETROSPOT', 'JUMBO BAG STRAWBERRY'})"
0.01025364274150027,"frozenset({'JUMBO BAG RED RETROSPOT', 'JUMBO BAG VINTAGE DOILY '})"
0.015650296815974095,"frozenset({'JUMBO BAG VINTAGE LEAF', 'JUMBO BAG RED RETROSPOT'})"
0.012951969778737183,"frozenset({'JUMBO BAG WOODLAND ANIMALS', 'JUMBO BAG RED RETROSPOT'})"
0.019967620075553156,"frozenset({'JUMBO BAG RED RETROSPOT', 'JUMBO SHOPPER VINTAGE RED PAISLEY'})"
0.012951969778737183,"frozenset({'JUMBO STORAGE BAG SKULLS', 'JUMBO BAG RED RETROSPOT'})"
0.019427954668105773,"frozenset({'JUMBO STORAGE BAG SUKI', 'JUMBO BAG RED RETROSPOT'})"
0.015110631408526714,"frozenset({'LUNCH BAG  BLACK SKULL.', 'JUMBO BAG RED RETROSPOT'})"
0.011332973556395036,"frozenset({'LUNCH BAG APPLE DESIGN', 'JUMBO BAG RED RETROSPOT'})"
0.011332973556395036,"frozenset({'LUNCH BAG CARS BLUE', 'JUMBO BAG RED RETROSPOT'})"
0.01025364274150027,"frozenset({'LUNCH BAG DOLLY GIRL DESIGN', 'JUMBO BAG RED RETROSPOT'})"
0.01672962763086886,"frozenset({'LUNCH BAG PINK POLKADOT', 'JUMBO BAG RED RETROSPOT'})"
0.026983270372369132,"frozenset({'LUNCH BAG RED RETROSPOT', 'JUMBO BAG RED RETROSPOT'})"
0.013491635186184566,"frozenset({'LUNCH BAG SPACEBOY DESIGN ', 'JUMBO BAG RED RETROSPOT'})"
0.01025364274150027,"frozenset({'LUNCH BAG SUKI DESIGN ', 'JUMBO BAG RED RETROSPOT'})"
0.014031300593631947,"frozenset({'LUNCH BAG WOODLAND', 'JUMBO BAG RED RETROSPOT'})"
0.01025364274150027,"frozenset({'RED RETROSPOT CHARLOTTE BAG', 'JUMBO BAG RED RETROSPOT'})"
0.01025364274150027,"frozenset({'WHITE HANGING HEART T-LIGHT HOLDER', 'JUMBO BAG RED RETROSPOT'})"
0.013491635186184566,"frozenset({'JUMBO BAG SCANDINAVIAN BLUE PAISLEY', 'JUMBO BAG STRAWBERRY'})"
0.010793308148947653,"frozenset({'JUMBO BAG SCANDINAVIAN BLUE PAISLEY', 'JUMBO SHOPPER VINTAGE RED PAISLEY'})"
0.012951969778737183,"frozenset({'JUMBO BAG WOODLAND ANIMALS', 'JUMBO BAG STRAWBERRY'})"
0.0124123043712898,"frozenset({'JUMBO BAG STRAWBERRY', 'JUMBO SHOPPER VINTAGE RED PAISLEY'})"
0.010793308148947653,"frozenset({'JUMBO STORAGE BAG SUKI', 'JUMBO BAG STRAWBERRY'})"
0.010793308148947653,"frozenset({'LUNCH BAG  BLACK SKULL.', 'JUMBO BAG STRAWBERRY'})"
0.0124123043712898,"frozenset({'LUNCH BAG PINK POLKADOT', 'JUMBO BAG STRAWBERRY'})"
0.0124123043712898,"frozenset({'LUNCH BAG RED RETROSPOT', 'JUMBO BAG STRAWBERRY'})"
0.01025364274150027,"frozenset({'LUNCH BAG VINTAGE DOILY ', 'JUMBO BAG VINTAGE DOILY '})"
0.011332973556395036,"frozenset({'LUNCH BAG VINTAGE LEAF DESIGN', 'JUMBO BAG VINTAGE LEAF'})"
0.014031300593631947,"frozenset({'JUMBO STORAGE BAG SUKI', 'JUMBO SHOPPER VINTAGE RED PAISLEY'})"
0.010793308148947653,"frozenset({'LUNCH BAG PINK POLKADOT', 'JUMBO STORAGE BAG SUKI'})"
0.014031300593631947,"frozenset({'JUMBO STORAGE BAG SUKI', 'LUNCH BAG RED RETROSPOT'})"
0.011332973556395036,"frozenset({'KEY FOB , BACK DOOR ', 'KEY FOB , SHED'})"
0.011332973556395036,"frozenset({'PLEASE ONE PERSON METAL SIGN', 'LADIES & GENTLEMEN METAL SIGN'})"
0.015650296815974095,"frozenset({'SMALL WHITE HEART OF WICKER', 'LARGE WHITE HEART OF WICKER'})"
0.010793308148947653,"frozenset({'WHITE HANGING HEART T-LIGHT HOLDER', 'LOVE BUILDING BLOCK WORD'})"
0.015110631408526714,"frozenset({'LUNCH BAG ALPHABET DESIGN', 'LUNCH BAG  BLACK SKULL.'})"
0.016189962223421478,"frozenset({'LUNCH BAG APPLE DESIGN', 'LUNCH BAG  BLACK SKULL.'})"
0.017269293038316244,"frozenset({'LUNCH BAG CARS BLUE', 'LUNCH BAG  BLACK SKULL.'})"
0.016189962223421478,"frozenset({'LUNCH BAG DOLLY GIRL DESIGN', 'LUNCH BAG  BLACK SKULL.'})"
0.023205612520237454,"frozenset({'LUNCH BAG PINK POLKADOT', 'LUNCH BAG  BLACK SKULL.'})"
0.027522935779816515,"frozenset({'LUNCH BAG  BLACK SKULL.', 'LUNCH BAG RED RETROSPOT'})"
0.019967620075553156,"frozenset({'LUNCH BAG SPACEBOY DESIGN ', 'LUNCH BAG  BLACK SKULL.'})"
0.023205612520237454,"frozenset({'LUNCH BAG SUKI DESIGN ', 'LUNCH BAG  BLACK SKULL.'})"
0.014031300593631947,"frozenset({'LUNCH BAG VINTAGE LEAF DESIGN', 'LUNCH BAG  BLACK SKULL.'})"
0.019427954668105773,"frozenset({'LUNCH BAG WOODLAND', 'LUNCH BAG  BLACK SKULL.'})"
0.01025364274150027,"frozenset({'RED RETROSPOT CHARLOTTE BAG', 'LUNCH BAG  BLACK SKULL.'})"
0.02050728548300054,"frozenset({'LUNCH BAG ALPHABET DESIGN', 'LUNCH BAG APPLE DESIGN'})"
0.015110631408526714,"frozenset({'LUNCH BAG ALPHABET DESIGN', 'LUNCH BAG CARS BLUE'})"
0.010793308148947653,"frozenset({'LUNCH BAG ALPHABET DESIGN', 'LUNCH BAG DOILEY PATTERN '})"
0.0124123043712898,"frozenset({'LUNCH BAG ALPHABET DESIGN', 'LUNCH BAG DOLLY GIRL DESIGN'})"
0.015650296815974095,"frozenset({'LUNCH BAG PINK POLKADOT', 'LUNCH BAG ALPHABET DESIGN'})"
0.017269293038316244,"frozenset({'LUNCH BAG ALPHABET DESIGN', 'LUNCH BAG RED RETROSPOT'})"
0.016189962223421478,"frozenset({'LUNCH BAG SPACEBOY DESIGN ', 'LUNCH BAG ALPHABET DESIGN'})"
0.017808958445763627,"frozenset({'LUNCH BAG ALPHABET DESIGN', 'LUNCH BAG SUKI DESIGN '})"
0.01672962763086886,"frozenset({'LUNCH BAG ALPHABET DESIGN', 'LUNCH BAG VINTAGE LEAF DESIGN'})"
0.013491635186184566,"frozenset({'LUNCH BAG ALPHABET DESIGN', 'LUNCH BAG WOODLAND'})"
0.015110631408526714,"frozenset({'LUNCH BAG CARS BLUE', 'LUNCH BAG APPLE DESIGN'})"
0.010793308148947653,"frozenset({'LUNCH BAG APPLE DESIGN', 'LUNCH BAG DOILEY PATTERN '})"
0.0124123043712898,"frozenset({'LUNCH BAG DOLLY GIRL DESIGN', 'LUNCH BAG APPLE DESIGN'})"
0.015650296815974095,"frozenset({'LUNCH BAG PINK POLKADOT', 'LUNCH BAG APPLE DESIGN'})"
0.017808958445763627,"frozenset({'LUNCH BAG APPLE DESIGN', 'LUNCH BAG RED RETROSPOT'})"
0.017269293038316244,"frozenset({'LUNCH BAG SPACEBOY DESIGN ', 'LUNCH BAG APPLE DESIGN'})"
0.02050728548300054,"frozenset({'LUNCH BAG SUKI DESIGN ', 'LUNCH BAG APPLE DESIGN'})"
0.015650296815974095,"frozenset({'LUNCH BAG APPLE DESIGN', 'LUNCH BAG VINTAGE LEAF DESIGN'})"
0.013491635186184566,"frozenset({'LUNCH BAG WOODLAND', 'LUNCH BAG APPLE DESIGN'})"
0.01025364274150027,"frozenset({'LUNCH BAG APPLE DESIGN', 'PARTY BUNTING'})"
0.017269293038316244,"frozenset({'LUNCH BAG DOLLY GIRL DESIGN', 'LUNCH BAG CARS BLUE'})"
0.023745277927684834,"frozenset({'LUNCH BAG PINK POLKADOT', 'LUNCH BAG CARS BLUE'})"
0.025903939557474366,"frozenset({'LUNCH BAG CARS BLUE', 'LUNCH BAG RED RETROSPOT'})"
0.0248246087425796,"frozenset({'LUNCH BAG SPACEBOY DESIGN ', 'LUNCH BAG CARS BLUE'})"
0.022126281705342688,"frozenset({'LUNCH BAG SUKI DESIGN ', 'LUNCH BAG CARS BLUE'})"
0.018888289260658393,"frozenset({'LUNCH BAG WOODLAND', 'LUNCH BAG CARS BLUE'})"
0.012951969778737183,"frozenset({'WHITE HANGING HEART T-LIGHT HOLDER', 'LUNCH BAG CARS BLUE'})"
0.016189962223421478,"frozenset({'LUNCH BAG PINK POLKADOT', 'LUNCH BAG DOLLY GIRL DESIGN'})"
0.023205612520237454,"frozenset({'LUNCH BAG DOLLY GIRL DESIGN', 'LUNCH BAG RED RETROSPOT'})"
0.024284943335132217,"frozenset({'LUNCH BAG SPACEBOY DESIGN ', 'LUNCH BAG DOLLY GIRL DESIGN'})"
0.017269293038316244,"frozenset({'LUNCH BAG SUKI DESIGN ', 'LUNCH BAG DOLLY GIRL DESIGN'})"
0.019427954668105773,"frozenset({'LUNCH BAG DOLLY GIRL DESIGN', 'LUNCH BAG WOODLAND'})"
0.03184025903939557,"frozenset({'LUNCH BAG PINK POLKADOT', 'LUNCH BAG RED RETROSPOT'})"
0.02266594711279007,"frozenset({'LUNCH BAG SPACEBOY DESIGN ', 'LUNCH BAG PINK POLKADOT'})"
0.02266594711279007,"frozenset({'LUNCH BAG PINK POLKADOT', 'LUNCH BAG SUKI DESIGN '})"
0.018888289260658393,"frozenset({'LUNCH BAG PINK POLKADOT', 'LUNCH BAG WOODLAND'})"
0.015110631408526714,"frozenset({'LUNCH BAG PINK POLKADOT', 'WHITE HANGING HEART T-LIGHT HOLDER'})"
0.03291958985429034,"frozenset({'LUNCH BAG SPACEBOY DESIGN ', 'LUNCH BAG RED RETROSPOT'})"
0.02644360496492175,"frozenset({'LUNCH BAG SUKI DESIGN ', 'LUNCH BAG RED RETROSPOT'})"
0.014031300593631947,"frozenset({'LUNCH BAG VINTAGE LEAF DESIGN', 'LUNCH BAG RED RETROSPOT'})"
0.028062601187263895,"frozenset({'LUNCH BAG WOODLAND', 'LUNCH BAG RED RETROSPOT'})"
0.013491635186184566,"frozenset({'PACK OF 72 RETROSPOT CAKE CASES', 'LUNCH BAG RED RETROSPOT'})"
0.0124123043712898,"frozenset({'LUNCH BAG RED RETROSPOT', 'PARTY BUNTING'})"
0.01025364274150027,"frozenset({'SPACEBOY LUNCH BOX ', 'LUNCH BAG RED RETROSPOT'})"
0.017269293038316244,"frozenset({'WHITE HANGING HEART T-LIGHT HOLDER', 'LUNCH BAG RED RETROSPOT'})"
0.023745277927684834,"frozenset({'LUNCH BAG SPACEBOY DESIGN ', 'LUNCH BAG SUKI DESIGN '})"
0.010793308148947653,"frozenset({'LUNCH BAG SPACEBOY DESIGN ', 'LUNCH BAG VINTAGE DOILY '})"
0.011872638963842417,"frozenset({'LUNCH BAG SPACEBOY DESIGN ', 'LUNCH BAG VINTAGE LEAF DESIGN'})"
0.0248246087425796,"frozenset({'LUNCH BAG SPACEBOY DESIGN ', 'LUNCH BAG WOODLAND'})"
0.01025364274150027,"frozenset({'LUNCH BAG SPACEBOY DESIGN ', 'PARTY BUNTING'})"
0.011872638963842417,"frozenset({'LUNCH BAG SPACEBOY DESIGN ', 'SPACEBOY LUNCH BOX '})"
0.01457096600107933,"frozenset({'LUNCH BAG SPACEBOY DESIGN ', 'WHITE HANGING HEART T-LIGHT HOLDER'})"
0.012951969778737183,"frozenset({'LUNCH BAG SUKI DESIGN ', 'LUNCH BAG VINTAGE LEAF DESIGN'})"
0.01834862385321101,"frozenset({'LUNCH BAG SUKI DESIGN ', 'LUNCH BAG WOODLAND'})"
0.010793308148947653,"frozenset({'LUNCH BAG SUKI DESIGN ', 'PARTY BUNTING'})"
0.010793308148947653,"frozenset({'LUNCH BAG SUKI DESIGN ', 'WHITE HANGING HEART T-LIGHT HOLDER'})"
0.01025364274150027,"frozenset({'LUNCH BAG WOODLAND', 'ROUND SNACK BOXES SET OF4 WOODLAND '})"
0.014031300593631947,"frozenset({'WHITE HANGING HEART T-LIGHT HOLDER', 'NATURAL SLATE HEART CHALKBOARD '})"
0.011332973556395036,"frozenset({'PLEASE ONE PERSON METAL SIGN', 'NO SINGING METAL SIGN'})"
0.011332973556395036,"frozenset({'PACK OF 60 PINK PAISLEY CAKE CASES', 'PACK OF 60 DINOSAUR CAKE CASES'})"
0.011872638963842417,"frozenset({'PACK OF 60 SPACEBOY CAKE CASES', 'PACK OF 60 DINOSAUR CAKE CASES'})"
0.015110631408526714,"frozenset({'PACK OF 72 RETROSPOT CAKE CASES', 'PACK OF 60 DINOSAUR CAKE CASES'})"
0.011332973556395036,"frozenset({'PACK OF 60 DINOSAUR CAKE CASES', 'PACK OF 72 SKULL CAKE CASES'})"
0.012951969778737183,"frozenset({'PACK OF 60 PINK PAISLEY CAKE CASES', 'PACK OF 60 SPACEBOY CAKE CASES'})"
0.021586616297895305,"frozenset({'PACK OF 60 PINK PAISLEY CAKE CASES', 'PACK OF 72 RETROSPOT CAKE CASES'})"
0.012951969778737183,"frozenset({'PACK OF 72 RETROSPOT CAKE CASES', 'PACK OF 60 SPACEBOY CAKE CASES'})"
0.01025364274150027,"frozenset({'PACK OF 60 SPACEBOY CAKE CASES', 'PACK OF 72 SKULL CAKE CASES'})"
0.014031300593631947,"frozenset({'PACK OF 72 RETROSPOT CAKE CASES', 'PACK OF 72 SKULL CAKE CASES'})"
0.01025364274150027,"frozenset({'PACK OF 72 RETROSPOT CAKE CASES', 'SET OF 4 PANTRY JELLY MOULDS'})"
0.01025364274150027,"frozenset({'PACK OF 72 RETROSPOT CAKE CASES', 'WHITE HANGING HEART T-LIGHT HOLDER'})"
0.01025364274150027,"frozenset({'PAPER BUNTING RETROSPOT', 'PARTY BUNTING'})"
0.02050728548300054,"frozenset({'PAPER CHAIN KIT VINTAGE CHRISTMAS', ""PAPER CHAIN KIT 50'S CHRISTMAS ""})"
0.010793308148947653,"frozenset({'REGENCY CAKESTAND 3 TIER', 'PARTY BUNTING'})"
0.0248246087425796,"frozenset({'SPOTTY BUNTING', 'PARTY BUNTING'})"
0.016189962223421478,"frozenset({'WHITE HANGING HEART T-LIGHT HOLDER', 'PARTY BUNTING'})"
0.015650296815974095,"frozenset({'PINK BLUE FELT CRAFT TRINKET BOX', 'PINK CREAM FELT CRAFT TRINKET BOX '})"
0.019427954668105773,"frozenset({'REGENCY CAKESTAND 3 TIER', 'PINK REGENCY TEACUP AND SAUCER'})"
0.027522935779816515,"frozenset({'PINK REGENCY TEACUP AND SAUCER', 'ROSES REGENCY TEACUP AND SAUCER '})"
0.013491635186184566,"frozenset({'PLASTERS IN TIN CIRCUS PARADE ', 'PLASTERS IN TIN SPACEBOY'})"
0.012951969778737183,"frozenset({'PLASTERS IN TIN CIRCUS PARADE ', 'PLASTERS IN TIN STRONGMAN'})"
0.013491635186184566,"frozenset({'PLASTERS IN TIN WOODLAND ANIMALS', 'PLASTERS IN TIN CIRCUS PARADE '})"
0.017269293038316244,"frozenset({'PLASTERS IN TIN WOODLAND ANIMALS', 'PLASTERS IN TIN SPACEBOY'})"
0.01025364274150027,"frozenset({'SPACEBOY LUNCH BOX ', 'PLASTERS IN TIN SPACEBOY'})"
0.013491635186184566,"frozenset({'PLASTERS IN TIN WOODLAND ANIMALS', 'PLASTERS IN TIN STRONGMAN'})"
0.011332973556395036,"frozenset({'PLASTERS IN TIN WOODLAND ANIMALS', 'PLASTERS IN TIN VINTAGE PAISLEY '})"
0.013491635186184566,"frozenset({""POPPY'S PLAYHOUSE KITCHEN"", ""POPPY'S PLAYHOUSE BEDROOM ""})"
0.010793308148947653,"frozenset({""POPPY'S PLAYHOUSE LIVINGROOM "", ""POPPY'S PLAYHOUSE KITCHEN""})"
0.011872638963842417,"frozenset({'ROUND SNACK BOXES SET OF4 WOODLAND ', 'POSTAGE'})"
0.010793308148947653,"frozenset({'RECIPE BOX PANTRY YELLOW DESIGN', 'RECIPE BOX RETROSPOT '})"
0.0124123043712898,"frozenset({'RECIPE BOX PANTRY YELLOW DESIGN', 'WHITE HANGING HEART T-LIGHT HOLDER'})"
0.025364274150026983,"frozenset({'WHITE HANGING HEART T-LIGHT HOLDER', 'RED HANGING HEART T-LIGHT HOLDER'})"
0.013491635186184566,"frozenset({'RED RETROSPOT CHARLOTTE BAG', 'STRAWBERRY CHARLOTTE BAG'})"
0.012951969778737183,"frozenset({'WOODLAND CHARLOTTE BAG', 'RED RETROSPOT CHARLOTTE BAG'})"
0.012951969778737183,"frozenset({'RED STRIPE CERAMIC DRAWER KNOB', 'RED SPOT CERAMIC DRAWER KNOB'})"
0.011872638963842417,"frozenset({'RED SPOT CERAMIC DRAWER KNOB', 'WHITE SPOT BLUE CERAMIC DRAWER KNOB'})"
0.015650296815974095,"frozenset({'RED SPOT CERAMIC DRAWER KNOB', 'WHITE SPOT RED CERAMIC DRAWER KNOB'})"
0.01025364274150027,"frozenset({'RED STRIPE CERAMIC DRAWER KNOB', 'WHITE SPOT BLUE CERAMIC DRAWER KNOB'})"
0.013491635186184566,"frozenset({'RED STRIPE CERAMIC DRAWER KNOB', 'WHITE SPOT RED CERAMIC DRAWER KNOB'})"
0.011332973556395036,"frozenset({'REGENCY CAKESTAND 3 TIER', 'REGENCY MILK JUG PINK '})"
0.011872638963842417,"frozenset({'REGENCY SUGAR BOWL GREEN', 'REGENCY CAKESTAND 3 TIER'})"
0.011332973556395036,"frozenset({'REGENCY TEAPOT ROSES ', 'REGENCY CAKESTAND 3 TIER'})"
0.028602266594711278,"frozenset({'REGENCY CAKESTAND 3 TIER', 'ROSES REGENCY TEACUP AND SAUCER '})"
0.0124123043712898,"frozenset({'REGENCY CAKESTAND 3 TIER', 'SET OF 3 REGENCY CAKE TINS'})"
0.014031300593631947,"frozenset({'WHITE HANGING HEART T-LIGHT HOLDER', 'REGENCY CAKESTAND 3 TIER'})"
0.012951969778737183,"frozenset({'REGENCY SUGAR BOWL GREEN', 'REGENCY MILK JUG PINK '})"
0.0124123043712898,"frozenset({'REGENCY TEAPOT ROSES ', 'REGENCY MILK JUG PINK '})"
0.010793308148947653,"frozenset({'REGENCY MILK JUG PINK ', 'ROSES REGENCY TEACUP AND SAUCER '})"
0.01025364274150027,"frozenset({'REGENCY TEAPOT ROSES ', 'REGENCY SUGAR BOWL GREEN'})"
0.011872638963842417,"frozenset({'REGENCY SUGAR BOWL GREEN', 'ROSES REGENCY TEACUP AND SAUCER '})"
0.01025364274150027,"frozenset({'REGENCY TEA PLATE PINK', 'REGENCY TEA PLATE GREEN '})"
0.0124123043712898,"frozenset({'REGENCY TEA PLATE ROSES ', 'REGENCY TEA PLATE GREEN '})"
0.01025364274150027,"frozenset({'REGENCY TEA PLATE PINK', 'REGENCY TEA PLATE ROSES '})"
0.010793308148947653,"frozenset({'REGENCY TEA PLATE ROSES ', 'ROSES REGENCY TEACUP AND SAUCER '})"
0.012951969778737183,"frozenset({'REGENCY TEAPOT ROSES ', 'ROSES REGENCY TEACUP AND SAUCER '})"
0.01025364274150027,"frozenset({'RETROSPOT TEA SET CERAMIC 11 PC ', 'WHITE HANGING HEART T-LIGHT HOLDER'})"
0.011332973556395036,"frozenset({'ROUND SNACK BOXES SET OF 4 FRUITS ', 'ROUND SNACK BOXES SET OF4 WOODLAND '})"
0.011332973556395036,"frozenset({'SPACEBOY LUNCH BOX ', 'ROUND SNACK BOXES SET OF4 WOODLAND '})"
0.0124123043712898,"frozenset({'SET OF 12 MINI LOAF BAKING CASES', 'SET OF 12 FAIRY CAKE BAKING CASES'})"
0.01025364274150027,"frozenset({'SET OF 6 SNACK LOAF BAKING CASES', 'SET OF 12 FAIRY CAKE BAKING CASES'})"
0.01025364274150027,"frozenset({'SET OF 6 TEA TIME BAKING CASES', 'SET OF 12 FAIRY CAKE BAKING CASES'})"
0.011332973556395036,"frozenset({'SET OF 3 HEART COOKIE CUTTERS', 'SET OF 3 BUTTERFLY COOKIE CUTTERS'})"
0.010793308148947653,"frozenset({'SET OF 3 REGENCY CAKE TINS', 'SET OF 3 CAKE TINS PANTRY DESIGN '})"
0.011872638963842417,"frozenset({'SET OF 6 SPICE TINS PANTRY DESIGN', 'SET OF 3 CAKE TINS PANTRY DESIGN '})"
0.010793308148947653,"frozenset({'WHITE HANGING HEART T-LIGHT HOLDER', 'SET OF 3 CAKE TINS PANTRY DESIGN '})"
0.01025364274150027,"frozenset({'SET OF 6 TEA TIME BAKING CASES', 'SET OF 6 SNACK LOAF BAKING CASES'})"
0.011332973556395036,"frozenset({'SET/10 PINK POLKADOT PARTY CANDLES', 'SET/10 BLUE POLKADOT PARTY CANDLES'})"
0.01025364274150027,"frozenset({'SET/10 PINK POLKADOT PARTY CANDLES', 'SET/10 RED POLKADOT PARTY CANDLES'})"
0.01025364274150027,"frozenset({'STRAWBERRY LUNCH BOX WITH CUTLERY', 'SKULL LUNCH BOX WITH CUTLERY '})"
0.01457096600107933,"frozenset({'SMALL MARSHMALLOWS PINK BOWL', 'SMALL DOLLY MIX DESIGN ORANGE BOWL'})"
0.010793308148947653,"frozenset({'SMALL WHITE HEART OF WICKER', 'WHITE HANGING HEART T-LIGHT HOLDER'})"
0.01025364274150027,"frozenset({'SPACEBOY CHILDRENS BOWL', 'SPACEBOY CHILDRENS CUP'})"
0.010793308148947653,"frozenset({'WHITE HANGING HEART T-LIGHT HOLDER', 'SPOTTY BUNTING'})"
0.01672962763086886,"frozenset({'SWEETHEART CERAMIC TRINKET BOX', 'STRAWBERRY CERAMIC TRINKET BOX'})"
0.0124123043712898,"frozenset({'VINTAGE CREAM CAT FOOD CONTAINER', 'VINTAGE CREAM DOG FOOD CONTAINER'})"
0.01025364274150027,"frozenset({'VINTAGE HEADS AND TAILS CARD GAME ', 'VINTAGE SNAP CARDS'})"
0.014031300593631947,"frozenset({'WHITE HANGING HEART T-LIGHT HOLDER', 'WOODEN FRAME ANTIQUE WHITE '})"
0.021586616297895305,"frozenset({'WHITE HANGING HEART T-LIGHT HOLDER', 'WOODEN PICTURE FRAME WHITE FINISH'})"
0.011872638963842417,"frozenset({'WHITE HANGING HEART T-LIGHT HOLDER', 'ZINC METAL HEART DECORATION'})"
0.013491635186184566,"frozenset({'WHITE SPOT RED CERAMIC DRAWER KNOB', 'WHITE SPOT BLUE CERAMIC DRAWER KNOB'})"
0.024284943335132217,"frozenset({'WOODEN PICTURE FRAME WHITE FINISH', 'WOODEN FRAME ANTIQUE WHITE '})"
0.013491635186184566,"frozenset({'WOODEN STAR CHRISTMAS SCANDINAVIAN', 'WOODEN HEART CHRISTMAS SCANDINAVIAN'})"
0.01025364274150027,"frozenset({'WOODEN STAR CHRISTMAS SCANDINAVIAN', 'WOODEN TREE CHRISTMAS SCANDINAVIAN'})"
0.01025364274150027,"frozenset({'PACK OF 60 PINK PAISLEY CAKE CASES', 'PACK OF 72 RETROSPOT CAKE CASES', '60 TEATIME FAIRY CAKE CASES'})"
0.010793308148947653,"frozenset({'ALARM CLOCK BAKELIKE GREEN', 'ALARM CLOCK BAKELIKE IVORY', 'ALARM CLOCK BAKELIKE CHOCOLATE'})"
0.010793308148947653,"frozenset({'ALARM CLOCK BAKELIKE GREEN', 'ALARM CLOCK BAKELIKE PINK', 'ALARM CLOCK BAKELIKE CHOCOLATE'})"
0.012951969778737183,"frozenset({'ALARM CLOCK BAKELIKE GREEN', 'ALARM CLOCK BAKELIKE RED ', 'ALARM CLOCK BAKELIKE CHOCOLATE'})"
0.011332973556395036,"frozenset({'ALARM CLOCK BAKELIKE RED ', 'ALARM CLOCK BAKELIKE IVORY', 'ALARM CLOCK BAKELIKE CHOCOLATE'})"
0.0124123043712898,"frozenset({'ALARM CLOCK BAKELIKE RED ', 'ALARM CLOCK BAKELIKE PINK', 'ALARM CLOCK BAKELIKE CHOCOLATE'})"
0.010793308148947653,"frozenset({'ALARM CLOCK BAKELIKE GREEN', 'ALARM CLOCK BAKELIKE IVORY', 'ALARM CLOCK BAKELIKE PINK'})"
0.01672962763086886,"frozenset({'ALARM CLOCK BAKELIKE GREEN', 'ALARM CLOCK BAKELIKE RED ', 'ALARM CLOCK BAKELIKE IVORY'})"
0.017269293038316244,"frozenset({'ALARM CLOCK BAKELIKE GREEN', 'ALARM CLOCK BAKELIKE RED ', 'ALARM CLOCK BAKELIKE PINK'})"
0.011332973556395036,"frozenset({'ALARM CLOCK BAKELIKE RED ', 'ALARM CLOCK BAKELIKE ORANGE', 'ALARM CLOCK BAKELIKE IVORY'})"
0.01457096600107933,"frozenset({'ALARM CLOCK BAKELIKE RED ', 'ALARM CLOCK BAKELIKE IVORY', 'ALARM CLOCK BAKELIKE PINK'})"
0.010793308148947653,"frozenset({'ALARM CLOCK BAKELIKE RED ', 'ALARM CLOCK BAKELIKE ORANGE', 'ALARM CLOCK BAKELIKE PINK'})"
0.011332973556395036,"frozenset({'RED SPOT CERAMIC DRAWER KNOB', 'BLUE SPOT CERAMIC DRAWER KNOB', 'BLUE STRIPE CERAMIC DRAWER KNOB'})"
0.01025364274150027,"frozenset({'WHITE SPOT BLUE CERAMIC DRAWER KNOB', 'BLUE SPOT CERAMIC DRAWER KNOB', 'BLUE STRIPE CERAMIC DRAWER KNOB'})"
0.011332973556395036,"frozenset({'WHITE SPOT RED CERAMIC DRAWER KNOB', 'BLUE SPOT CERAMIC DRAWER KNOB', 'BLUE STRIPE CERAMIC DRAWER KNOB'})"
0.01025364274150027,"frozenset({'RED STRIPE CERAMIC DRAWER KNOB', 'RED SPOT CERAMIC DRAWER KNOB', 'BLUE SPOT CERAMIC DRAWER KNOB'})"
0.010793308148947653,"frozenset({'RED SPOT CERAMIC DRAWER KNOB', 'WHITE SPOT BLUE CERAMIC DRAWER KNOB', 'BLUE SPOT CERAMIC DRAWER KNOB'})"
0.0124123043712898,"frozenset({'RED SPOT CERAMIC DRAWER KNOB', 'WHITE SPOT RED CERAMIC DRAWER KNOB', 'BLUE SPOT CERAMIC DRAWER KNOB'})"
0.011872638963842417,"frozenset({'WHITE SPOT RED CERAMIC DRAWER KNOB', 'WHITE SPOT BLUE CERAMIC DRAWER KNOB', 'BLUE SPOT CERAMIC DRAWER KNOB'})"
0.011332973556395036,"frozenset({'RED STRIPE CERAMIC DRAWER KNOB', 'RED SPOT CERAMIC DRAWER KNOB', 'BLUE STRIPE CERAMIC DRAWER KNOB'})"
0.01025364274150027,"frozenset({'RED SPOT CERAMIC DRAWER KNOB', 'WHITE SPOT BLUE CERAMIC DRAWER KNOB', 'BLUE STRIPE CERAMIC DRAWER KNOB'})"
0.0124123043712898,"frozenset({'RED SPOT CERAMIC DRAWER KNOB', 'WHITE SPOT RED CERAMIC DRAWER KNOB', 'BLUE STRIPE CERAMIC DRAWER KNOB'})"
0.011332973556395036,"frozenset({'RED STRIPE CERAMIC DRAWER KNOB', 'WHITE SPOT RED CERAMIC DRAWER KNOB', 'BLUE STRIPE CERAMIC DRAWER KNOB'})"
0.010793308148947653,"frozenset({'WHITE SPOT RED CERAMIC DRAWER KNOB', 'WHITE SPOT BLUE CERAMIC DRAWER KNOB', 'BLUE STRIPE CERAMIC DRAWER KNOB'})"
0.01025364274150027,"frozenset({'RED RETROSPOT CHARLOTTE BAG', 'CHARLOTTE BAG APPLES DESIGN', 'CHARLOTTE BAG PINK POLKADOT'})"
0.017808958445763627,"frozenset({'REGENCY CAKESTAND 3 TIER', 'PINK REGENCY TEACUP AND SAUCER', 'GREEN REGENCY TEACUP AND SAUCER'})"
0.023745277927684834,"frozenset({'PINK REGENCY TEACUP AND SAUCER', 'GREEN REGENCY TEACUP AND SAUCER', 'ROSES REGENCY TEACUP AND SAUCER '})"
0.021586616297895305,"frozenset({'REGENCY CAKESTAND 3 TIER', 'GREEN REGENCY TEACUP AND SAUCER', 'ROSES REGENCY TEACUP AND SAUCER '})"
0.010793308148947653,"frozenset({'HERB MARKER PARSLEY', 'HERB MARKER MINT', 'HERB MARKER BASIL'})"
0.011332973556395036,"frozenset({'HERB MARKER MINT', 'HERB MARKER ROSEMARY', 'HERB MARKER BASIL'})"
0.01025364274150027,"frozenset({'HERB MARKER THYME', 'HERB MARKER MINT', 'HERB MARKER BASIL'})"
0.010793308148947653,"frozenset({'HERB MARKER PARSLEY', 'HERB MARKER ROSEMARY', 'HERB MARKER BASIL'})"
0.01025364274150027,"frozenset({'HERB MARKER THYME', 'HERB MARKER PARSLEY', 'HERB MARKER BASIL'})"
0.01025364274150027,"frozenset({'HERB MARKER THYME', 'HERB MARKER ROSEMARY', 'HERB MARKER BASIL'})"
0.010793308148947653,"frozenset({'HERB MARKER PARSLEY', 'HERB MARKER MINT', 'HERB MARKER ROSEMARY'})"
0.01025364274150027,"frozenset({'HERB MARKER THYME', 'HERB MARKER MINT', 'HERB MARKER ROSEMARY'})"
0.01025364274150027,"frozenset({'JUMBO  BAG BAROQUE BLACK WHITE', 'JUMBO BAG RED RETROSPOT', 'JUMBO BAG STRAWBERRY'})"
0.015110631408526714,"frozenset({'JUMBO BAG PINK POLKADOT', 'JUMBO BAG RED RETROSPOT', 'JUMBO BAG STRAWBERRY'})"
0.0124123043712898,"frozenset({'LUNCH BAG PINK POLKADOT', 'JUMBO BAG PINK POLKADOT', 'JUMBO BAG RED RETROSPOT'})"
0.0124123043712898,"frozenset({'JUMBO BAG PINK POLKADOT', 'LUNCH BAG RED RETROSPOT', 'JUMBO BAG RED RETROSPOT'})"
0.011332973556395036,"frozenset({'LUNCH BAG PINK POLKADOT', 'JUMBO BAG PINK POLKADOT', 'LUNCH BAG RED RETROSPOT'})"
0.01025364274150027,"frozenset({'JUMBO BAG PINK VINTAGE PAISLEY', 'JUMBO BAG RED RETROSPOT', 'JUMBO BAG STRAWBERRY'})"
0.01025364274150027,"frozenset({'JUMBO BAG STRAWBERRY', 'JUMBO BAG RED RETROSPOT', 'JUMBO SHOPPER VINTAGE RED PAISLEY'})"
0.01025364274150027,"frozenset({'LUNCH BAG PINK POLKADOT', 'JUMBO BAG RED RETROSPOT', 'JUMBO BAG STRAWBERRY'})"
0.010793308148947653,"frozenset({'LUNCH BAG RED RETROSPOT', 'JUMBO BAG RED RETROSPOT', 'JUMBO BAG STRAWBERRY'})"
0.01025364274150027,"frozenset({'JUMBO STORAGE BAG SUKI', 'JUMBO BAG RED RETROSPOT', 'JUMBO SHOPPER VINTAGE RED PAISLEY'})"
0.01025364274150027,"frozenset({'JUMBO STORAGE BAG SUKI', 'JUMBO BAG RED RETROSPOT', 'LUNCH BAG RED RETROSPOT'})"
0.011332973556395036,"frozenset({'JUMBO BAG RED RETROSPOT', 'LUNCH BAG  BLACK SKULL.', 'LUNCH BAG RED RETROSPOT'})"
0.011872638963842417,"frozenset({'LUNCH BAG PINK POLKADOT', 'LUNCH BAG RED RETROSPOT', 'JUMBO BAG RED RETROSPOT'})"
0.01025364274150027,"frozenset({'LUNCH BAG SPACEBOY DESIGN ', 'LUNCH BAG RED RETROSPOT', 'JUMBO BAG RED RETROSPOT'})"
0.01025364274150027,"frozenset({'LUNCH BAG WOODLAND', 'LUNCH BAG RED RETROSPOT', 'JUMBO BAG RED RETROSPOT'})"
0.01025364274150027,"frozenset({'LUNCH BAG ALPHABET DESIGN', 'LUNCH BAG SUKI DESIGN ', 'LUNCH BAG  BLACK SKULL.'})"
0.010793308148947653,"frozenset({'LUNCH BAG APPLE DESIGN', 'LUNCH BAG  BLACK SKULL.', 'LUNCH BAG RED RETROSPOT'})"
0.0124123043712898,"frozenset({'LUNCH BAG SUKI DESIGN ', 'LUNCH BAG APPLE DESIGN', 'LUNCH BAG  BLACK SKULL.'})"
0.010793308148947653,"frozenset({'LUNCH BAG CARS BLUE', 'LUNCH BAG  BLACK SKULL.', 'LUNCH BAG RED RETROSPOT'})"
0.01025364274150027,"frozenset({'LUNCH BAG PINK POLKADOT', 'LUNCH BAG DOLLY GIRL DESIGN', 'LUNCH BAG  BLACK SKULL.'})"
0.011872638963842417,"frozenset({'LUNCH BAG DOLLY GIRL DESIGN', 'LUNCH BAG  BLACK SKULL.', 'LUNCH BAG RED RETROSPOT'})"
0.0124123043712898,"frozenset({'LUNCH BAG SPACEBOY DESIGN ', 'LUNCH BAG DOLLY GIRL DESIGN', 'LUNCH BAG  BLACK SKULL.'})"
0.011332973556395036,"frozenset({'LUNCH BAG SUKI DESIGN ', 'LUNCH BAG DOLLY GIRL DESIGN', 'LUNCH BAG  BLACK SKULL.'})"
0.011332973556395036,"frozenset({'LUNCH BAG DOLLY GIRL DESIGN', 'LUNCH BAG WOODLAND', 'LUNCH BAG  BLACK SKULL.'})"
0.016189962223421478,"frozenset({'LUNCH BAG PINK POLKADOT', 'LUNCH BAG  BLACK SKULL.', 'LUNCH BAG RED RETROSPOT'})"
0.010793308148947653,"frozenset({'LUNCH BAG SPACEBOY DESIGN ', 'LUNCH BAG PINK POLKADOT', 'LUNCH BAG  BLACK SKULL.'})"
0.014031300593631947,"frozenset({'LUNCH BAG PINK POLKADOT', 'LUNCH BAG SUKI DESIGN ', 'LUNCH BAG  BLACK SKULL.'})"
0.01025364274150027,"frozenset({'LUNCH BAG PINK POLKADOT', 'LUNCH BAG WOODLAND', 'LUNCH BAG  BLACK SKULL.'})"
0.013491635186184566,"frozenset({'LUNCH BAG SPACEBOY DESIGN ', 'LUNCH BAG  BLACK SKULL.', 'LUNCH BAG RED RETROSPOT'})"
0.016189962223421478,"frozenset({'LUNCH BAG SUKI DESIGN ', 'LUNCH BAG  BLACK SKULL.', 'LUNCH BAG RED RETROSPOT'})"
0.013491635186184566,"frozenset({'LUNCH BAG WOODLAND', 'LUNCH BAG  BLACK SKULL.', 'LUNCH BAG RED RETROSPOT'})"
0.014031300593631947,"frozenset({'LUNCH BAG SPACEBOY DESIGN ', 'LUNCH BAG SUKI DESIGN ', 'LUNCH BAG  BLACK SKULL.'})"
0.012951969778737183,"frozenset({'LUNCH BAG SPACEBOY DESIGN ', 'LUNCH BAG WOODLAND', 'LUNCH BAG  BLACK SKULL.'})"
0.013491635186184566,"frozenset({'LUNCH BAG SUKI DESIGN ', 'LUNCH BAG WOODLAND', 'LUNCH BAG  BLACK SKULL.'})"
0.011332973556395036,"frozenset({'LUNCH BAG ALPHABET DESIGN', 'LUNCH BAG APPLE DESIGN', 'LUNCH BAG SUKI DESIGN '})"
0.01025364274150027,"frozenset({'LUNCH BAG SPACEBOY DESIGN ', 'LUNCH BAG ALPHABET DESIGN', 'LUNCH BAG SUKI DESIGN '})"
0.011332973556395036,"frozenset({'LUNCH BAG SUKI DESIGN ', 'LUNCH BAG CARS BLUE', 'LUNCH BAG APPLE DESIGN'})"
0.01025364274150027,"frozenset({'LUNCH BAG PINK POLKADOT', 'LUNCH BAG APPLE DESIGN', 'LUNCH BAG RED RETROSPOT'})"
0.0124123043712898,"frozenset({'LUNCH BAG PINK POLKADOT', 'LUNCH BAG SUKI DESIGN ', 'LUNCH BAG APPLE DESIGN'})"
0.011332973556395036,"frozenset({'LUNCH BAG SPACEBOY DESIGN ', 'LUNCH BAG APPLE DESIGN', 'LUNCH BAG RED RETROSPOT'})"
0.01025364274150027,"frozenset({'LUNCH BAG SUKI DESIGN ', 'LUNCH BAG APPLE DESIGN', 'LUNCH BAG RED RETROSPOT'})"
0.010793308148947653,"frozenset({'LUNCH BAG SPACEBOY DESIGN ', 'LUNCH BAG SUKI DESIGN ', 'LUNCH BAG APPLE DESIGN'})"
0.01025364274150027,"frozenset({'LUNCH BAG PINK POLKADOT', 'LUNCH BAG DOLLY GIRL DESIGN', 'LUNCH BAG CARS BLUE'})"
0.0124123043712898,"frozenset({'LUNCH BAG DOLLY GIRL DESIGN', 'LUNCH BAG CARS BLUE', 'LUNCH BAG RED RETROSPOT'})"
0.012951969778737183,"frozenset({'LUNCH BAG SPACEBOY DESIGN ', 'LUNCH BAG DOLLY GIRL DESIGN', 'LUNCH BAG CARS BLUE'})"
0.01025364274150027,"frozenset({'LUNCH BAG SUKI DESIGN ', 'LUNCH BAG DOLLY GIRL DESIGN', 'LUNCH BAG CARS BLUE'})"
0.011332973556395036,"frozenset({'LUNCH BAG DOLLY GIRL DESIGN', 'LUNCH BAG WOODLAND', 'LUNCH BAG CARS BLUE'})"
0.015650296815974095,"frozenset({'LUNCH BAG PINK POLKADOT', 'LUNCH BAG CARS BLUE', 'LUNCH BAG RED RETROSPOT'})"
0.014031300593631947,"frozenset({'LUNCH BAG PINK POLKADOT', 'LUNCH BAG SPACEBOY DESIGN ', 'LUNCH BAG CARS BLUE'})"
0.013491635186184566,"frozenset({'LUNCH BAG PINK POLKADOT', 'LUNCH BAG SUKI DESIGN ', 'LUNCH BAG CARS BLUE'})"
0.011332973556395036,"frozenset({'LUNCH BAG PINK POLKADOT', 'LUNCH BAG WOODLAND', 'LUNCH BAG CARS BLUE'})"
0.016189962223421478,"frozenset({'LUNCH BAG SPACEBOY DESIGN ', 'LUNCH BAG CARS BLUE', 'LUNCH BAG RED RETROSPOT'})"
0.014031300593631947,"frozenset({'LUNCH BAG SUKI DESIGN ', 'LUNCH BAG CARS BLUE', 'LUNCH BAG RED RETROSPOT'})"
0.012951969778737183,"frozenset({'LUNCH BAG WOODLAND', 'LUNCH BAG CARS BLUE', 'LUNCH BAG RED RETROSPOT'})"
0.014031300593631947,"frozenset({'LUNCH BAG SPACEBOY DESIGN ', 'LUNCH BAG SUKI DESIGN ', 'LUNCH BAG CARS BLUE'})"
0.010793308148947653,"frozenset({'LUNCH BAG SPACEBOY DESIGN ', 'LUNCH BAG WOODLAND', 'LUNCH BAG CARS BLUE'})"
0.01025364274150027,"frozenset({'LUNCH BAG SUKI DESIGN ', 'LUNCH BAG WOODLAND', 'LUNCH BAG CARS BLUE'})"
0.014031300593631947,"frozenset({'LUNCH BAG PINK POLKADOT', 'LUNCH BAG DOLLY GIRL DESIGN', 'LUNCH BAG RED RETROSPOT'})"
0.011332973556395036,"frozenset({'LUNCH BAG SPACEBOY DESIGN ', 'LUNCH BAG DOLLY GIRL DESIGN', 'LUNCH BAG PINK POLKADOT'})"
0.010793308148947653,"frozenset({'LUNCH BAG PINK POLKADOT', 'LUNCH BAG DOLLY GIRL DESIGN', 'LUNCH BAG WOODLAND'})"
0.017808958445763627,"frozenset({'LUNCH BAG SPACEBOY DESIGN ', 'LUNCH BAG DOLLY GIRL DESIGN', 'LUNCH BAG RED RETROSPOT'})"
0.0124123043712898,"frozenset({'LUNCH BAG SUKI DESIGN ', 'LUNCH BAG DOLLY GIRL DESIGN', 'LUNCH BAG RED RETROSPOT'})"
0.01457096600107933,"frozenset({'LUNCH BAG DOLLY GIRL DESIGN', 'LUNCH BAG WOODLAND', 'LUNCH BAG RED RETROSPOT'})"
0.0124123043712898,"frozenset({'LUNCH BAG SPACEBOY DESIGN ', 'LUNCH BAG SUKI DESIGN ', 'LUNCH BAG DOLLY GIRL DESIGN'})"
0.016189962223421478,"frozenset({'LUNCH BAG SPACEBOY DESIGN ', 'LUNCH BAG DOLLY GIRL DESIGN', 'LUNCH BAG WOODLAND'})"
0.011332973556395036,"frozenset({'LUNCH BAG SUKI DESIGN ', 'LUNCH BAG WOODLAND', 'LUNCH BAG DOLLY GIRL DESIGN'})"
0.01672962763086886,"frozenset({'LUNCH BAG SPACEBOY DESIGN ', 'LUNCH BAG PINK POLKADOT', 'LUNCH BAG RED RETROSPOT'})"
0.015650296815974095,"frozenset({'LUNCH BAG PINK POLKADOT', 'LUNCH BAG SUKI DESIGN ', 'LUNCH BAG RED RETROSPOT'})"
0.014031300593631947,"frozenset({'LUNCH BAG PINK POLKADOT', 'LUNCH BAG WOODLAND', 'LUNCH BAG RED RETROSPOT'})"
0.011332973556395036,"frozenset({'LUNCH BAG SPACEBOY DESIGN ', 'LUNCH BAG SUKI DESIGN ', 'LUNCH BAG PINK POLKADOT'})"
0.0124123043712898,"frozenset({'LUNCH BAG SPACEBOY DESIGN ', 'LUNCH BAG WOODLAND', 'LUNCH BAG PINK POLKADOT'})"
0.010793308148947653,"frozenset({'LUNCH BAG PINK POLKADOT', 'LUNCH BAG SUKI DESIGN ', 'LUNCH BAG WOODLAND'})"
0.017269293038316244,"frozenset({'LUNCH BAG SPACEBOY DESIGN ', 'LUNCH BAG SUKI DESIGN ', 'LUNCH BAG RED RETROSPOT'})"
0.01672962763086886,"frozenset({'LUNCH BAG SPACEBOY DESIGN ', 'LUNCH BAG WOODLAND', 'LUNCH BAG RED RETROSPOT'})"
0.014031300593631947,"frozenset({'LUNCH BAG SUKI DESIGN ', 'LUNCH BAG WOODLAND', 'LUNCH BAG RED RETROSPOT'})"
0.0124123043712898,"frozenset({'LUNCH BAG SPACEBOY DESIGN ', 'LUNCH BAG SUKI DESIGN ', 'LUNCH BAG WOODLAND'})"
0.017808958445763627,"frozenset({'REGENCY CAKESTAND 3 TIER', 'PINK REGENCY TEACUP AND SAUCER', 'ROSES REGENCY TEACUP AND SAUCER '})"
0.011872638963842417,"frozenset({'RED STRIPE CERAMIC DRAWER KNOB', 'RED SPOT CERAMIC DRAWER KNOB', 'WHITE SPOT RED CERAMIC DRAWER KNOB'})"
0.011332973556395036,"frozenset({'RED SPOT CERAMIC DRAWER KNOB', 'WHITE SPOT BLUE CERAMIC DRAWER KNOB', 'WHITE SPOT RED CERAMIC DRAWER KNOB'})"
0.01025364274150027,"frozenset({'ALARM CLOCK BAKELIKE GREEN', 'ALARM CLOCK BAKELIKE RED ', 'ALARM CLOCK BAKELIKE PINK', 'ALARM CLOCK BAKELIKE CHOCOLATE'})"
0.010793308148947653,"frozenset({'ALARM CLOCK BAKELIKE GREEN', 'ALARM CLOCK BAKELIKE RED ', 'ALARM CLOCK BAKELIKE IVORY', 'ALARM CLOCK BAKELIKE PINK'})"
0.010793308148947653,"frozenset({'RED SPOT CERAMIC DRAWER KNOB', 'WHITE SPOT RED CERAMIC DRAWER KNOB', 'BLUE SPOT CERAMIC DRAWER KNOB', 'BLUE STRIPE CERAMIC DRAWER KNOB'})"
0.01025364274150027,"frozenset({'WHITE SPOT RED CERAMIC DRAWER KNOB', 'WHITE SPOT BLUE CERAMIC DRAWER KNOB', 'BLUE SPOT CERAMIC DRAWER KNOB', 'BLUE STRIPE CERAMIC DRAWER KNOB'})"
0.010793308148947653,"frozenset({'RED SPOT CERAMIC DRAWER KNOB', 'WHITE SPOT BLUE CERAMIC DRAWER KNOB', 'BLUE SPOT CERAMIC DRAWER KNOB', 'WHITE SPOT RED CERAMIC DRAWER KNOB'})"
0.010793308148947653,"frozenset({'RED STRIPE CERAMIC DRAWER KNOB', 'RED SPOT CERAMIC DRAWER KNOB', 'WHITE SPOT RED CERAMIC DRAWER KNOB', 'BLUE STRIPE CERAMIC DRAWER KNOB'})"
0.01025364274150027,"frozenset({'WHITE SPOT RED CERAMIC DRAWER KNOB', 'RED SPOT CERAMIC DRAWER KNOB', 'WHITE SPOT BLUE CERAMIC DRAWER KNOB', 'BLUE STRIPE CERAMIC DRAWER KNOB'})"
0.01672962763086886,"frozenset({'REGENCY CAKESTAND 3 TIER', 'PINK REGENCY TEACUP AND SAUCER', 'GREEN REGENCY TEACUP AND SAUCER', 'ROSES REGENCY TEACUP AND SAUCER '})"
0.010793308148947653,"frozenset({'HERB MARKER PARSLEY', 'HERB MARKER MINT', 'HERB MARKER ROSEMARY', 'HERB MARKER BASIL'})"
0.01025364274150027,"frozenset({'HERB MARKER THYME', 'HERB MARKER MINT', 'HERB MARKER ROSEMARY', 'HERB MARKER BASIL'})"
0.010793308148947653,"frozenset({'LUNCH BAG SPACEBOY DESIGN ', 'LUNCH BAG DOLLY GIRL DESIGN', 'LUNCH BAG WOODLAND', 'LUNCH BAG  BLACK SKULL.'})"
0.010793308148947653,"frozenset({'LUNCH BAG PINK POLKADOT', 'LUNCH BAG SUKI DESIGN ', 'LUNCH BAG  BLACK SKULL.', 'LUNCH BAG RED RETROSPOT'})"
0.010793308148947653,"frozenset({'LUNCH BAG SPACEBOY DESIGN ', 'LUNCH BAG SUKI DESIGN ', 'LUNCH BAG  BLACK SKULL.', 'LUNCH BAG RED RETROSPOT'})"
0.01025364274150027,"frozenset({'LUNCH BAG SUKI DESIGN ', 'LUNCH BAG WOODLAND', 'LUNCH BAG  BLACK SKULL.', 'LUNCH BAG RED RETROSPOT'})"
0.01025364274150027,"frozenset({'LUNCH BAG SPACEBOY DESIGN ', 'LUNCH BAG SUKI DESIGN ', 'LUNCH BAG WOODLAND', 'LUNCH BAG  BLACK SKULL.'})"
0.01025364274150027,"frozenset({'LUNCH BAG SPACEBOY DESIGN ', 'LUNCH BAG DOLLY GIRL DESIGN', 'LUNCH BAG CARS BLUE', 'LUNCH BAG RED RETROSPOT'})"
0.010793308148947653,"frozenset({'LUNCH BAG SPACEBOY DESIGN ', 'LUNCH BAG CARS BLUE', 'LUNCH BAG PINK POLKADOT', 'LUNCH BAG RED RETROSPOT'})"
0.011332973556395036,"frozenset({'LUNCH BAG SPACEBOY DESIGN ', 'LUNCH BAG SUKI DESIGN ', 'LUNCH BAG CARS BLUE', 'LUNCH BAG RED RETROSPOT'})"
0.01025364274150027,"frozenset({'LUNCH BAG SPACEBOY DESIGN ', 'LUNCH BAG DOLLY GIRL DESIGN', 'LUNCH BAG PINK POLKADOT', 'LUNCH BAG RED RETROSPOT'})"
0.012951969778737183,"frozenset({'LUNCH BAG SPACEBOY DESIGN ', 'LUNCH BAG DOLLY GIRL DESIGN', 'LUNCH BAG WOODLAND', 'LUNCH BAG RED RETROSPOT'})"
0.01025364274150027,"frozenset({'LUNCH BAG SPACEBOY DESIGN ', 'LUNCH BAG SUKI DESIGN ', 'LUNCH BAG WOODLAND', 'LUNCH BAG DOLLY GIRL DESIGN'})"
0.01025364274150027,"frozenset({'LUNCH BAG SPACEBOY DESIGN ', 'LUNCH BAG SUKI DESIGN ', 'LUNCH BAG WOODLAND', 'LUNCH BAG RED RETROSPOT'})"
